id,nickname,XP,Percentage,PRP,PeerReviews,TribeRating,TribePoint,T01D01,T02D02,T03D03,T04D04,E01D05,P01D06,T05D08,T06D09,T07D10,T08D11,E02D12,P02D13,T09D15,T10D16,T11D17,T12D18,E03D19,P03D20,T13D22,T14D23,T15D24,E04D26,23_JAN,24_JAN,25_JAN,26_JAN,27_JAN,28_JAN,29_JAN,30_JAN,31_JAN,01_FEB,02_FEB,03_FEB,04_FEB,05_FEB,06_FEB,07_FEB,08_FEB,09_FEB,10_FEB,11_FEB,12_FEB,13_FEB,14_FEB
1,abathurf,0,0,1,0,62,0,0,0,0,0,0,0,0,0,0,0,0,0,0,0,0,0,0,0,0,0,0,0,656,0,0,0,0,0,0,0,0,0,0,0,0,0,0,0,0,0,0,0,0,0,0
2,abbylarr,263,53,6,34,17,72,30,16,27,0,23,0,40,0,19,0,20,57,9,26,0,0,20,0,0,0,0,0,806,308,839,547,825,754,844,809,350,629,795,751,823,780,846,323,413,783,777,481,687,672,0
3,abelmulb,0,0,3,18,62,18,0,0,5,0,0,0,0,0,0,0,0,0,0,0,0,0,5,0,0,0,0,5,790,0,672,611,700,692,534,493,304,608,614,704,626,706,0,296,313,532,0,0,0,0,0
4,aberform,97,19,2,9,60,18,30,23,24,0,0,0,0,0,0,0,0,0,0,0,15,0,11,0,0,0,0,0,766,344,743,0,684,667,437,0,0,0,0,544,539,532,387,0,588,0,0,522,0,0,0
5,acoustli,514,103,0,41,6,115,30,38,21,39,36,0,35,38,22,42,12,53,0,30,21,38,34,0,0,0,0,27,832,957,820,755,734,915,623,941,954,807,793,0,952,914,371,237,818,856,929,963,932,882,0
6,addagerb,140,28,10,33,6,98,7,30,23,3,0,34,39,0,14,0,0,0,0,0,0,0,0,0,0,0,0,0,705,259,513,416,384,1315,676,306,0,505,0,615,496,471,629,323,508,0,468,375,380,359,0
7,addamell,121,24,5,26,49,37,26,0,21,0,0,36,33,0,0,0,5,0,0,0,0,0,0,0,0,0,0,6,842,0,830,845,829,790,769,763,386,832,799,746,776,729,793,0,0,0,0,0,0,719,0
8,adelaidm,320,64,5,40,8,109,27,30,28,23,36,0,36,21,6,0,32,0,0,0,21,5,24,0,0,0,0,32,862,357,751,825,829,775,465,752,380,767,742,579,556,781,638,319,733,783,508,479,670,526,0
9,adelefer,147,29,0,16,57,24,0,0,0,0,0,0,33,0,0,0,11,0,0,24,27,0,20,0,31,0,0,32,730,0,0,0,0,704,663,638,393,592,502,499,538,420,623,321,407,542,354,482,250,341,0
10,agartrev,87,17,4,21,40,29,25,27,21,0,0,0,0,0,1,0,0,0,0,0,14,0,6,0,0,0,0,5,680,365,688,730,575,612,593,792,389,643,515,638,529,367,565,0,518,515,471,474,569,420,0
11,ahaidewi,480,96,5,39,15,90,30,30,29,0,45,84,38,0,2,0,29,55,36,26,17,5,24,0,0,0,0,27,771,369,695,752,799,848,852,772,396,747,0,543,824,815,772,322,683,685,790,765,752,750,0
12,aidamard,200,40,2,25,29,50,30,14,19,0,0,0,0,0,0,59,0,55,0,0,23,0,0,0,0,0,0,0,434,234,611,691,472,484,534,509,360,445,299,469,641,538,538,310,1421,439,518,436,470,577,0
13,alanlabo,127,25,0,24,49,37,30,16,25,0,0,0,0,0,2,0,5,0,23,12,16,0,11,0,0,0,0,14,604,333,651,402,636,642,675,677,376,399,471,642,632,628,620,324,282,251,0,303,355,381,0
14,alenaabe,51,10,4,5,62,10,30,0,21,0,0,0,0,0,0,0,5,0,0,0,0,0,0,0,0,0,0,0,956,364,0,740,803,703,718,726,0,620,0,749,693,0,0,0,0,0,0,0,0,0,0
15,alexdalt,86,17,1,4,73,5,14,0,2,0,0,0,0,0,0,0,0,0,0,0,0,0,0,0,0,0,0,0,684,0,0,626,533,462,501,435,0,0,0,0,0,0,0,0,0,0,0,0,0,0,0
16,alivenab,107,21,8,24,49,35,30,20,25,0,0,0,32,0,0,0,0,0,9,0,0,0,5,0,0,0,0,8,866,369,690,663,829,838,840,846,0,0,0,864,840,778,781,841,691,0,817,809,774,669,0
17,allisers,78,16,7,14,18,56,23,0,0,0,0,0,0,0,0,0,0,55,0,0,0,0,0,0,0,0,0,6,0,366,0,237,537,442,278,0,193,469,0,364,268,468,0,318,280,250,299,481,110,327,0
18,almacara,123,25,2,28,31,39,28,20,16,3,0,0,30,0,10,0,5,0,9,0,29,0,5,0,0,0,0,6,768,252,604,579,799,811,573,640,0,603,637,515,516,604,714,0,583,584,641,555,598,592,0
19,alphonko,141,28,0,24,20,68,22,20,19,0,0,0,0,0,16,0,0,43,0,0,21,0,0,0,0,0,0,0,661,364,587,654,544,562,623,632,0,648,597,499,613,647,576,270,512,455,448,498,499,1375,0
20,alysanei,39,8,1,15,61,19,25,0,5,0,0,0,0,0,0,0,0,0,0,0,14,0,0,0,0,0,0,0,265,281,459,306,228,270,282,0,289,0,0,0,0,0,225,269,0,0,0,269,252,0,0
21,amadopos,134,27,6,27,11,101,25,31,23,0,0,0,0,0,2,0,5,55,9,0,0,0,8,0,0,0,0,0,155,312,0,857,0,251,391,271,0,607,659,819,291,418,319,300,0,300,289,263,273,1410,0
22,ameliase,125,25,0,10,45,23,26,0,27,0,0,46,5,0,0,0,0,0,0,21,0,0,5,0,0,0,0,5,757,368,665,590,594,622,785,622,0,0,0,546,667,687,631,0,0,0,574,466,0,0,0
23,anabelde,49,10,3,17,48,19,0,0,0,0,0,0,0,0,0,0,0,49,0,0,0,0,0,0,0,0,0,0,657,0,375,553,795,594,856,0,151,623,602,0,0,455,0,199,292,0,0,518,361,374,1410
24,anakinte,270,54,5,29,2,182,19,24,21,1,7,0,28,0,0,0,20,46,0,0,29,38,0,0,0,0,0,40,447,360,781,760,460,454,569,444,0,703,517,714,731,579,491,325,751,503,539,506,436,561,0
25,andardur,20,4,2,12,67,12,9,11,7,0,0,0,0,0,0,0,3,0,0,0,0,0,5,0,0,0,0,11,814,368,684,385,141,306,343,0,0,526,403,0,459,358,0,0,537,0,0,240,363,359,0
26,andriatu,180,36,0,30,42,47,25,16,19,15,19,0,0,0,2,15,20,0,27,0,14,0,14,0,0,0,0,21,537,337,371,1424,537,516,520,553,376,398,447,486,559,510,620,324,323,331,406,540,296,505,0
27,angelitn,20,4,4,22,42,34,0,20,0,0,0,0,0,0,0,0,0,0,0,2,0,0,5,0,0,0,0,0,1315,359,713,0,736,285,591,572,196,666,578,666,745,335,1353,307,715,578,0,0,0,0,0
28,aniseedj,96,19,1,7,63,17,21,19,16,0,7,40,0,0,0,0,0,0,0,0,0,0,0,0,0,0,0,0,729,0,662,664,615,653,0,0,0,0,0,0,0,0,0,0,0,0,0,0,0,0,0
29,anisemar,71,14,2,11,49,18,0,0,20,0,0,0,0,0,0,0,2,51,0,0,0,0,4,0,0,0,0,11,778,0,718,680,712,622,580,490,0,552,0,748,0,519,597,310,489,565,537,575,293,0,0
30,anjanetr,389,78,1,29,19,80,25,38,28,21,45,0,0,0,29,51,20,0,0,25,30,0,40,0,0,0,0,27,622,365,332,655,593,632,579,680,375,301,596,693,647,612,643,315,315,1431,0,546,0,412,0
31,antonimo,252,50,14,58,1,255,30,38,22,0,0,0,30,7,0,53,12,60,0,0,19,0,18,0,0,0,0,21,1308,972,880,878,927,962,681,1426,255,813,962,708,641,0,870,0,0,687,693,768,1272,973,0
32,apolloca,84,17,1,15,45,23,30,0,20,0,0,34,0,5,0,0,0,0,0,0,0,0,0,0,0,0,0,0,910,862,508,667,894,899,904,870,908,0,0,806,0,0,0,0,0,0,0,0,0,0,0
33,ardellni,226,45,5,36,14,62,29,0,27,0,0,6,38,36,0,0,0,51,0,0,0,45,16,0,0,0,0,20,130,155,659,416,186,219,337,265,203,0,596,642,275,0,410,325,0,365,719,837,713,404,0
34,ariannsi,165,33,8,36,22,74,28,12,19,6,0,0,25,0,2,5,0,44,18,0,14,0,8,0,0,0,0,11,313,230,619,371,282,215,240,297,282,325,623,268,309,0,211,81,516,543,0,251,231,108,0
35,arlenebe,404,81,0,33,14,80,28,38,29,0,0,54,42,43,29,3,16,0,32,30,21,0,24,0,0,0,0,29,838,233,787,642,821,813,875,821,0,0,376,738,793,696,727,320,665,668,626,557,852,897,898
36,arlynema,239,48,3,46,3,137,19,27,24,0,3,0,0,0,0,0,0,49,9,30,29,33,5,0,28,0,0,5,794,369,749,696,777,757,734,727,395,754,368,755,779,691,815,323,0,722,664,677,677,834,0
37,armenmad,116,23,0,13,42,27,26,0,24,0,15,0,39,0,0,0,16,0,27,0,0,0,14,0,0,0,0,14,830,283,671,681,477,661,628,645,389,0,713,581,480,562,438,0,648,675,0,391,243,0,0
38,armensha,120,24,0,21,55,30,30,0,2,0,0,0,0,0,0,0,0,60,0,0,30,0,0,0,0,0,0,0,467,351,728,720,463,475,459,467,375,565,0,455,463,466,458,308,0,0,445,425,429,462,0
39,arnoldcl,110,22,2,34,28,43,30,19,27,5,0,0,0,0,9,0,20,0,9,0,14,0,14,0,0,0,0,18,782,350,760,679,772,724,737,703,390,621,633,790,688,763,637,1438,608,604,696,711,548,602,0
40,arnoldgr,38,8,2,11,66,14,0,15,23,0,3,0,0,0,0,0,5,0,0,0,0,0,5,0,0,0,0,8,512,0,547,698,517,0,627,0,0,0,0,632,360,459,0,0,0,0,388,0,343,0,0
41,arysdare,108,22,3,30,29,41,25,9,7,0,5,0,0,0,2,0,9,60,0,0,14,0,18,0,0,0,0,6,581,366,652,648,464,0,729,431,384,496,537,458,546,590,357,216,607,589,389,554,595,568,0
42,asougino,170,34,3,26,10,103,26,23,27,12,7,0,36,5,2,0,3,0,27,0,14,0,16,0,0,0,0,14,817,370,708,676,680,600,741,714,384,575,785,0,809,670,659,324,469,417,496,1123,594,624,0
43,atalanab,30,6,2,3,66,6,30,0,0,0,7,0,0,0,0,0,0,0,0,0,0,0,0,0,0,0,0,0,443,351,0,0,0,0,0,0,0,0,0,0,0,0,0,0,0,0,0,0,0,0,0
44,audrecha,248,50,1,27,39,48,28,32,28,0,0,0,32,0,0,0,0,60,33,30,0,0,0,0,0,0,0,0,417,326,624,0,211,1411,579,0,0,544,573,533,565,1427,237,0,0,498,0,391,0,428,0
45,augustif,406,81,0,40,21,76,30,30,26,23,15,0,33,6,28,31,18,54,0,28,30,45,16,0,0,0,0,43,781,369,774,708,779,760,717,835,391,744,764,750,731,823,790,0,756,695,690,657,730,648,0
46,augustla,386,77,9,47,17,84,30,32,27,20,45,0,39,0,20,16,32,60,0,17,14,6,20,0,0,0,0,24,858,865,852,618,829,839,827,835,855,531,593,690,775,856,851,0,0,534,756,712,749,858,0
47,balinkri,64,13,8,19,30,40,0,0,0,0,0,84,0,0,0,0,0,52,0,0,0,0,0,0,0,0,0,5,703,333,316,837,0,746,461,748,387,0,673,852,438,591,1234,0,577,292,515,750,887,256,1411
48,bananatr,323,65,0,40,22,74,19,38,20,21,15,0,33,0,23,0,9,60,9,0,30,45,8,0,0,9,0,29,807,351,712,286,814,773,574,786,335,591,326,772,782,760,750,322,570,550,746,757,800,649,0
49,barramus,78,16,0,21,47,29,20,16,21,0,0,0,0,0,0,0,5,0,0,0,21,0,5,0,0,0,0,11,866,0,799,790,848,827,832,831,0,743,609,564,651,708,863,0,774,580,700,712,774,535,0
50,barristm,25,5,3,9,67,12,25,0,2,0,7,0,0,0,0,0,5,0,0,0,0,0,6,0,0,0,0,20,917,890,863,806,898,910,908,902,0,837,802,905,906,911,891,0,787,823,900,886,907,908,0
51,bearsqui,138,28,5,24,50,36,24,27,26,0,0,0,0,0,0,0,0,0,9,16,18,0,11,0,0,0,0,27,608,0,760,722,721,738,707,781,0,0,0,692,0,706,702,0,732,660,709,0,0,0,0
52,beatrizr,20,4,4,20,47,42,20,0,6,0,0,0,0,0,10,0,5,0,0,0,0,0,5,0,0,0,0,0,1220,258,0,303,367,509,431,451,385,347,373,405,0,185,411,324,0,423,242,416,373,557,0
53,beaulaho,110,22,2,2,55,18,26,0,0,0,0,84,0,0,0,0,0,0,0,0,0,0,0,0,0,0,0,0,899,0,839,713,616,764,622,589,0,0,680,0,581,792,0,0,0,0,0,0,0,0,0
54,beetroom,41,8,4,11,61,16,28,0,2,0,0,0,0,0,0,0,2,0,31,0,0,0,12,0,0,0,0,5,516,0,487,649,497,579,785,431,0,0,0,404,0,395,670,0,0,0,434,457,410,438,0
55,belandrn,97,19,0,22,52,32,0,31,13,0,0,0,0,0,0,0,0,0,0,26,27,0,0,0,0,0,0,0,265,247,547,0,733,439,267,0,371,428,471,529,651,501,708,0,478,0,537,515,316,0,0
56,beornyee,241,48,5,33,30,49,28,19,23,0,0,42,0,0,0,8,0,0,31,0,30,39,3,0,29,0,0,2,958,108,678,782,669,635,703,510,108,583,572,639,372,404,479,0,350,529,537,533,257,554,0
57,betafran,159,32,0,28,45,44,16,16,1,0,0,0,0,0,0,0,5,43,27,22,30,0,2,0,0,0,0,6,720,365,750,686,793,795,782,814,388,731,735,803,798,791,723,312,665,0,724,785,630,624,0
58,bicyclec,153,31,10,38,38,52,25,19,20,0,12,0,0,0,10,0,20,55,9,0,14,0,18,0,0,0,0,14,877,905,853,870,875,876,853,885,880,869,879,869,870,866,836,865,857,870,863,862,899,878,876
59,blackwot,177,35,5,27,25,46,30,27,7,0,41,0,0,29,10,0,18,0,28,5,0,0,14,0,17,0,0,18,788,844,834,654,858,718,495,749,393,571,674,542,566,633,472,311,359,642,596,614,446,184,0
60,bladecor,251,50,0,21,28,51,30,23,2,0,0,54,36,0,36,72,11,0,0,0,0,0,0,0,0,0,0,20,865,366,781,567,875,850,876,852,0,649,0,878,0,0,0,0,0,0,864,855,785,816,0
61,blythema,159,32,2,28,42,43,0,6,26,0,0,0,32,0,0,0,5,60,27,3,14,0,8,0,0,0,0,11,762,0,756,712,690,750,685,730,0,646,616,588,693,730,742,0,628,586,677,834,401,695,0
62,bornmili,59,12,0,19,36,34,28,9,22,0,0,0,0,0,0,0,0,0,0,0,0,0,5,0,0,0,0,5,775,358,490,372,593,910,502,894,335,650,497,0,656,616,532,216,345,1401,910,638,488,1316,0
63,bornrunc,144,29,9,26,43,42,26,16,25,0,0,0,31,0,0,0,20,0,26,0,0,0,5,0,0,0,0,0,748,298,445,692,585,314,564,626,0,0,645,666,699,420,471,0,626,0,474,0,0,0,0
64,brazilmy,76,15,3,3,63,11,28,0,0,0,0,48,0,0,0,0,0,0,0,0,0,0,0,0,0,0,0,0,0,0,0,0,0,0,0,0,0,0,0,0,0,0,0,0,0,0,0,0,0,0,0
65,brellapl,317,63,0,33,29,62,28,26,26,7,31,0,31,13,5,0,20,60,9,28,19,5,14,0,0,30,0,20,645,366,655,435,595,560,617,624,394,638,545,551,728,637,557,320,529,631,584,558,495,504,0
66,brenetti,80,16,4,30,48,36,17,17,9,0,0,0,0,0,0,0,14,0,0,23,14,0,6,0,0,0,0,16,688,0,497,677,825,740,805,685,0,608,821,746,751,647,446,0,609,469,726,668,566,687,0
67,brigidan,43,9,4,13,60,18,0,17,26,0,15,0,0,0,0,0,0,0,0,0,0,0,0,0,0,0,0,0,483,0,454,531,557,0,793,0,0,0,0,0,0,0,0,0,0,0,0,0,0,0,0
68,brolyerr,73,15,5,20,48,28,28,16,15,0,0,0,0,0,0,0,0,0,0,0,14,0,5,0,0,0,0,9,747,0,828,671,751,721,707,706,0,755,745,675,658,652,645,0,675,621,636,624,608,634,0
69,byrenret,-100,-20,5,1,68,1,0,0,0,0,0,0,0,0,0,0,0,0,0,0,0,0,0,0,0,0,0,0,0,0,0,0,0,0,0,0,0,0,0,0,0,0,0,0,0,0,0,0,0,0,0
70,caitlinf,108,22,15,40,26,68,28,7,12,7,7,0,0,0,2,0,6,54,0,0,14,0,11,0,0,0,0,8,496,291,694,731,653,702,517,687,0,586,604,607,506,584,601,326,459,286,367,238,1402,1432,0
71,cajunren,22,4,2,2,66,4,22,0,0,0,0,0,0,0,0,0,0,0,0,0,0,0,0,0,0,0,0,0,823,0,783,0,0,0,0,0,0,0,0,0,0,0,0,0,0,0,0,0,0,0,0
72,camellre,68,14,5,37,9,108,23,0,27,0,0,0,30,24,12,0,5,0,31,0,21,0,11,0,0,0,0,11,778,231,780,732,712,700,749,673,396,658,648,744,650,574,712,322,695,624,852,650,644,680,0
73,camilash,149,30,4,28,28,43,17,30,4,0,7,52,23,0,10,0,11,0,27,0,0,0,6,0,0,0,0,16,850,1363,756,731,618,874,681,747,268,581,547,700,713,755,601,249,685,335,444,579,356,522,0
74,carmeche,239,48,1,29,32,61,0,0,22,0,36,42,0,0,7,0,21,0,31,10,9,0,45,0,0,0,0,32,813,358,865,683,715,625,686,803,380,499,399,776,650,761,652,0,575,586,562,617,630,608,0
75,carrotpa,71,14,3,16,58,23,30,0,21,0,3,0,0,0,0,0,20,0,0,0,0,0,0,0,0,0,0,0,809,339,913,770,906,0,969,648,0,823,742,643,670,0,0,0,0,0,0,0,0,0,0
76,caseysan,39,8,2,3,71,7,25,0,14,0,0,0,0,0,0,0,0,0,0,0,0,0,0,0,0,0,0,0,1188,183,0,0,0,297,0,0,0,0,0,0,0,0,0,0,0,0,0,0,0,0,0
77,catherik,68,14,1,20,50,26,23,34,2,0,0,0,0,0,0,0,5,0,9,11,0,0,11,0,0,0,0,11,720,0,672,661,877,908,902,481,0,547,584,572,494,861,317,0,635,0,360,0,390,0,0
78,catinaob,103,21,0,17,41,28,30,0,25,0,12,0,36,7,2,0,14,0,9,12,0,0,11,0,0,0,0,20,551,328,676,510,503,545,818,773,355,659,675,775,698,498,419,308,675,0,649,390,389,0,0
79,caynpara,297,59,2,29,22,73,22,38,24,0,7,48,33,16,9,0,0,60,9,30,21,10,9,0,0,0,0,0,632,284,646,617,619,658,656,634,160,668,604,645,681,650,673,255,493,663,728,660,551,421,0
80,celestem,0,0,4,2,70,2,0,0,0,0,0,0,0,0,0,0,0,0,0,0,0,0,0,0,0,0,0,0,342,297,474,0,0,0,0,0,0,0,0,0,0,0,0,0,0,0,0,0,0,0,0
81,celladov,123,25,3,14,52,24,0,0,28,0,0,43,0,0,0,0,0,52,0,0,0,0,0,0,0,0,0,0,724,344,594,0,0,0,722,0,0,302,567,424,533,284,320,325,560,367,351,464,403,412,0
82,champate,98,20,4,32,38,40,0,13,21,0,0,0,29,0,0,0,5,0,0,20,15,0,5,0,0,0,0,0,897,895,911,0,869,876,860,868,393,881,844,843,803,836,861,0,807,0,284,271,273,278,0
83,chaninuy,121,24,5,16,55,30,0,0,18,0,0,43,0,0,0,0,0,60,0,0,0,0,0,0,0,0,0,0,838,298,360,457,739,752,795,818,394,316,0,779,797,691,625,0,292,0,0,0,0,0,0
84,chanteco,330,66,2,38,24,71,28,37,29,23,0,78,33,32,3,0,11,0,9,30,30,0,11,0,0,0,0,14,568,278,437,679,603,633,564,676,342,694,726,619,664,542,614,0,617,734,676,647,580,276,0
85,charlees,81,16,1,23,7,115,0,16,19,0,0,46,0,0,10,0,5,0,0,0,0,6,11,0,0,0,0,18,649,293,406,425,570,557,614,476,366,497,370,565,670,645,671,321,611,633,547,462,580,626,0
86,charlesj,140,28,6,31,31,39,21,26,21,0,7,0,28,19,2,0,20,0,0,0,0,0,0,0,0,0,0,20,652,368,499,414,669,619,539,283,392,322,1422,712,629,0,0,0,0,0,639,280,570,613,0
87,chekovne,111,22,7,25,41,36,25,0,6,0,7,0,31,0,0,0,0,55,0,0,0,0,0,0,0,0,0,0,798,0,666,611,624,623,620,587,0,578,556,0,468,394,490,0,541,349,0,577,0,0,0
88,chereele,0,0,4,4,58,4,0,7,0,0,0,0,0,0,0,0,0,0,0,0,0,0,0,0,0,0,0,0,353,0,0,479,0,0,0,0,0,0,0,0,0,0,0,0,0,0,0,0,0,0,0
89,chiefben,57,11,1,1,56,6,23,0,0,0,0,34,0,0,0,0,0,0,0,0,0,0,0,0,0,0,0,0,443,353,0,0,635,0,0,0,0,0,0,0,0,0,0,0,0,0,0,0,0,0,0
90,chiefser,13,3,5,3,58,4,0,0,13,0,0,0,0,0,0,0,0,0,0,0,0,0,0,0,0,0,0,0,496,0,686,274,645,257,448,293,0,0,0,0,0,0,0,0,0,0,0,0,0,0,0
91,chillily,111,22,7,22,50,34,0,0,0,0,0,0,32,0,2,0,5,45,9,7,15,0,20,0,19,0,0,20,0,272,736,844,808,846,845,857,393,825,844,836,846,844,705,256,826,818,827,822,811,761,0
92,chinacai,118,24,4,20,39,31,30,14,2,0,0,0,0,14,0,0,0,60,0,0,0,0,0,0,0,0,0,0,0,303,893,792,583,0,546,0,0,224,433,262,273,0,0,0,0,0,0,0,0,0,0
93,chiswyro,42,8,2,10,66,14,0,19,23,0,0,0,0,0,0,0,0,0,0,0,0,0,0,0,0,0,0,0,512,0,494,434,488,0,317,0,0,603,557,0,0,549,0,0,0,0,0,648,0,0,0
94,christfo,307,61,0,32,33,59,25,23,22,0,3,0,10,26,17,0,16,0,36,20,30,0,14,65,0,0,0,43,772,813,721,548,734,659,739,605,391,598,580,685,604,625,624,324,614,327,764,625,730,720,0
95,chrystaa,52,10,2,5,54,10,28,0,24,0,0,0,0,0,0,0,0,0,0,0,0,0,0,0,0,0,0,0,517,0,457,346,0,0,0,0,0,0,0,0,0,0,0,0,0,0,0,0,0,0,0
96,clarenje,54,11,4,8,60,13,0,0,0,0,0,54,0,0,0,0,0,0,0,0,0,0,0,0,0,0,0,0,689,367,809,0,611,471,0,0,0,0,0,0,0,0,0,0,0,0,0,0,0,0,0
97,commandd,127,25,13,35,30,40,30,27,24,5,0,0,0,0,1,0,0,0,0,25,21,0,9,0,0,0,0,18,831,368,681,785,707,803,811,841,385,845,645,746,773,832,739,322,703,659,679,624,665,658,323
98,corinade,27,5,3,16,51,25,10,17,2,0,0,0,0,0,6,0,2,0,0,0,0,0,0,0,0,0,0,2,738,0,360,621,438,547,467,1358,0,435,546,759,556,789,517,93,0,636,716,519,461,0,0
99,countesk,25,5,2,3,56,6,25,0,2,0,0,0,0,0,0,0,0,0,0,0,0,0,18,0,0,0,0,8,780,0,0,472,622,700,654,710,0,0,0,741,682,707,623,324,695,0,618,615,0,487,0
100,crabbede,45,9,1,4,70,8,23,0,22,0,0,0,0,0,0,0,0,0,0,0,0,0,0,0,0,0,0,0,563,352,0,0,0,0,0,0,0,0,0,0,0,0,0,0,0,0,0,0,0,0,0
101,crabswad,26,5,7,6,69,9,26,0,0,0,0,0,0,0,0,0,0,0,0,0,0,0,5,0,0,0,0,5,529,0,692,0,0,503,312,421,0,0,0,642,551,528,0,326,0,0,0,605,557,533,0
102,criselma,116,23,6,12,57,24,28,19,2,0,0,0,37,32,0,0,8,0,0,0,0,0,0,0,0,0,0,0,441,0,698,0,759,732,472,577,0,0,0,0,0,0,0,0,0,0,0,0,0,0,0
103,crusheta,251,50,6,30,1,140,26,33,26,5,0,0,0,26,22,0,27,0,9,25,21,0,40,0,0,0,0,0,777,359,740,708,441,652,467,725,391,858,731,740,761,432,654,299,522,671,592,613,199,0,0
104,cursemel,231,46,0,33,34,56,25,0,24,0,7,46,0,0,18,0,11,0,9,30,21,10,9,0,41,26,0,16,636,367,531,708,541,587,736,593,380,502,0,510,614,446,511,316,412,422,576,590,485,694,0
105,danaelis,177,35,3,26,45,44,25,0,26,0,7,0,36,0,0,0,6,53,23,0,14,0,0,0,0,0,0,0,703,349,535,415,571,550,793,586,0,704,391,523,835,0,513,316,524,436,1129,274,458,0,0
106,danigent,244,49,2,28,22,49,26,19,27,7,23,0,0,0,16,0,11,46,23,0,14,0,20,0,0,0,0,45,815,347,542,764,832,805,853,780,0,671,581,722,804,746,814,298,553,498,626,638,597,559,0
107,darlenpu,413,83,0,28,13,65,30,0,29,0,0,42,41,22,40,0,45,0,9,0,29,37,45,0,0,0,0,43,0,0,777,645,585,643,314,335,271,651,490,794,879,813,264,872,655,667,647,572,0,0,0
108,dashiswi,53,11,7,21,41,36,0,0,13,0,0,0,0,0,0,0,0,40,0,0,0,0,0,0,11,0,0,11,512,0,523,484,492,300,297,427,386,475,450,545,483,1392,436,279,468,308,393,428,464,565,0
109,dawnabur,26,5,6,7,62,10,26,0,7,0,0,0,0,0,0,0,0,0,0,0,0,0,0,0,0,0,0,5,676,0,0,673,662,661,659,662,0,0,0,0,0,0,0,0,0,0,0,636,641,639,0
110,deadposu,289,58,2,37,19,79,0,19,27,0,0,36,0,0,8,68,5,60,22,24,28,0,14,0,0,0,0,14,0,0,0,0,0,0,0,0,0,0,0,0,0,0,0,0,0,0,0,0,0,0,0
111,deborahw,196,39,2,39,38,52,29,34,21,14,0,0,40,0,0,29,18,0,9,0,0,5,9,0,0,0,0,24,459,368,400,587,377,457,272,293,382,504,564,492,346,356,316,325,244,168,267,217,471,581,0
112,deimosor,70,14,2,20,49,37,28,19,6,0,0,0,0,0,2,0,5,0,23,0,9,0,3,0,0,0,0,0,580,280,385,315,589,598,579,672,343,513,524,610,619,622,650,293,480,604,608,582,605,0,0
113,deirdrme,29,6,1,0,67,3,0,29,0,0,0,0,0,0,0,0,0,0,0,0,0,0,0,0,0,0,0,0,417,0,0,0,0,0,0,0,0,0,0,0,0,0,0,0,0,0,0,0,0,0,0
114,desiraec,254,51,0,30,29,64,21,14,24,11,41,0,0,17,0,0,12,0,28,21,21,0,29,0,17,0,0,14,867,899,863,795,852,869,863,858,389,675,707,801,832,782,765,325,719,754,586,748,811,0,0
115,directkl,317,63,7,42,24,71,30,27,29,0,3,0,34,0,15,0,6,49,9,26,30,45,16,0,0,0,0,32,703,368,634,679,585,680,862,762,397,728,848,613,779,849,902,326,836,774,791,815,668,743,0
116,doctorin,206,41,12,45,17,84,28,0,22,0,0,0,37,0,10,2,16,0,0,21,28,36,6,0,0,0,0,29,475,357,599,461,526,604,593,526,376,525,605,465,570,617,573,322,540,581,487,481,152,335,0
117,doloriad,134,27,0,15,48,28,28,19,20,0,0,0,33,0,0,0,0,0,0,0,29,0,0,0,0,0,0,0,619,0,542,368,548,822,578,687,0,0,581,0,0,0,521,0,0,0,0,0,0,0,0
118,doomfiar,138,28,8,29,40,47,30,0,1,0,0,48,37,0,11,0,9,0,0,0,23,0,4,0,0,0,0,0,912,869,828,662,838,842,735,801,0,749,803,872,803,829,826,0,629,779,787,828,821,890,0
119,dorianch,472,94,0,41,14,80,30,30,22,28,45,0,43,0,28,26,18,49,0,25,20,0,40,0,0,31,0,45,644,835,752,430,655,600,685,815,374,745,800,735,696,705,680,325,739,748,714,717,676,1423,0
120,dorothys,75,15,13,39,35,44,16,0,2,0,7,0,29,5,2,0,5,0,9,0,30,0,5,0,0,0,0,11,570,286,564,699,689,561,549,544,198,586,485,431,502,464,439,145,563,379,400,741,540,179,0
121,drowzeej,0,0,1,1,76,1,0,0,0,0,0,0,0,0,0,0,0,0,0,0,0,0,0,0,0,0,0,0,445,0,0,0,510,0,0,0,0,0,0,0,0,0,0,0,0,0,0,0,0,0,0
122,duppkesh,155,31,3,37,38,52,20,16,22,0,0,0,35,0,16,0,6,0,0,25,21,0,20,0,0,0,0,20,806,318,773,824,789,773,851,806,387,790,843,847,843,826,816,325,836,827,802,755,799,784,0
123,eclipsob,54,11,2,0,57,5,0,0,0,0,0,54,0,0,0,0,0,0,0,0,0,0,0,0,0,0,0,0,365,0,660,0,0,0,0,0,0,0,0,0,0,0,0,0,0,0,0,0,0,0,0
124,edderioc,194,39,4,51,1,230,0,18,24,0,0,0,29,23,0,0,20,0,9,0,30,45,18,0,0,0,0,14,697,1331,678,1273,809,1300,827,1324,905,1100,707,580,1207,930,1020,917,607,213,879,1436,900,1146,0
125,edgecoma,115,23,1,30,20,52,20,26,27,0,0,0,28,0,0,0,3,0,9,7,14,0,6,0,0,0,0,11,833,857,444,799,829,832,836,834,390,423,796,821,810,876,809,0,434,803,821,816,816,811,0
126,edmundgh,577,115,2,45,11,103,25,34,24,24,45,48,42,43,0,23,29,52,31,25,30,39,21,0,0,9,0,32,778,843,820,0,785,842,832,0,392,764,774,0,779,818,827,0,733,836,831,0,760,805,0
127,eldreday,171,34,5,31,10,90,21,23,23,14,0,34,0,0,0,27,0,0,9,0,19,0,0,0,0,0,0,0,434,369,455,535,430,369,625,396,310,418,801,469,493,38,440,324,563,774,320,1421,736,1398,0
128,eldredsa,151,30,2,19,37,33,0,5,22,16,7,0,33,0,0,0,0,54,0,21,0,0,12,0,0,0,0,0,551,227,516,644,672,249,344,641,0,570,690,0,596,552,0,82,376,578,264,0,174,0,0
129,elfredca,28,6,2,21,44,24,13,6,15,0,0,0,0,0,0,0,0,0,0,3,0,0,0,0,0,0,0,0,618,349,453,655,548,536,571,571,0,505,502,566,636,485,333,322,368,0,476,393,516,0,0
130,elizbett,285,57,0,43,18,81,23,30,24,0,0,84,39,0,0,0,8,55,0,0,30,0,11,0,0,0,0,8,850,869,976,752,685,837,838,839,0,498,846,817,830,828,821,322,718,466,775,755,639,665,0
131,ellyncha,175,35,7,22,30,40,28,30,4,15,45,0,31,0,0,21,18,0,0,0,0,0,8,0,0,0,0,9,827,369,703,797,573,752,780,721,390,564,548,649,705,565,683,219,546,693,627,722,641,187,0
132,eloiseka,27,5,0,5,54,10,27,0,6,0,0,0,0,0,0,0,0,0,0,0,0,0,0,0,0,0,0,0,318,308,0,341,198,248,0,0,0,0,0,0,0,0,0,0,0,0,0,0,0,0,0
133,elviakar,0,0,6,3,75,2,0,0,0,0,0,0,0,0,0,0,0,0,0,0,0,0,0,0,0,0,0,0,755,0,0,0,0,0,0,0,0,0,0,0,0,0,0,0,0,0,0,0,0,0,0
134,emeryske,3,1,2,18,55,27,30,24,2,0,0,0,0,0,10,0,20,0,23,7,0,0,11,0,0,0,0,0,227,0,718,691,282,285,292,304,0,702,613,276,292,243,172,325,789,584,263,281,271,271,0
135,emmelism,75,15,5,31,47,42,9,30,22,0,7,0,0,0,9,0,2,0,9,0,14,0,14,0,0,0,0,16,798,295,825,632,609,630,577,695,385,629,685,0,707,693,712,321,671,653,651,612,709,638,0
136,enrightw,440,88,2,36,10,76,23,35,26,39,36,0,42,33,27,27,20,60,0,0,30,0,16,0,0,9,0,32,660,358,678,420,591,684,0,473,396,629,0,560,638,615,0,325,646,432,461,586,0,649,0
137,erichmar,60,12,4,9,58,15,0,0,26,0,5,34,0,0,6,0,0,0,0,0,0,0,0,0,0,0,0,0,655,0,618,611,0,971,793,539,0,0,485,0,631,0,583,0,467,0,0,0,0,0,0
138,ermaamel,89,18,9,39,23,48,0,13,18,7,0,0,0,0,0,0,5,0,9,0,0,5,6,58,0,0,0,5,634,367,685,731,582,708,726,1399,385,563,622,692,641,591,1371,321,552,0,597,729,667,562,0
139,ervinosg,37,7,7,13,63,17,20,17,2,0,0,0,0,0,0,0,0,0,0,0,0,0,0,0,0,0,0,0,716,0,617,636,471,646,581,515,0,0,0,487,592,611,406,0,0,0,518,502,604,0,0
140,erwinlau,114,23,0,34,43,46,26,27,6,0,0,0,30,0,0,0,0,0,17,0,14,0,0,0,0,0,0,18,796,370,692,679,817,875,892,761,0,655,743,766,840,674,896,0,0,358,812,675,710,667,0
141,eugeneay,61,12,3,24,46,30,0,27,7,0,0,0,0,0,2,0,5,0,9,20,14,0,6,0,0,0,0,14,558,0,466,562,555,564,556,503,386,512,580,556,586,499,509,0,0,410,545,549,539,458,0
142,euraronn,108,22,1,32,36,43,21,0,6,0,0,0,36,0,1,0,5,0,0,30,21,0,6,0,0,0,0,9,744,366,711,675,664,687,737,821,228,682,0,726,761,784,796,0,703,0,848,739,630,785,886
143,eustacep,89,18,13,33,13,82,30,0,25,0,3,34,0,0,4,0,0,0,9,0,0,0,0,0,0,0,0,0,689,0,487,357,688,149,639,716,0,505,549,650,647,0,444,0,0,453,641,1276,410,1252,0
144,eviagild,152,30,3,36,21,51,23,16,29,0,12,0,38,0,11,0,16,0,0,4,14,5,4,0,0,0,0,32,876,359,697,734,701,697,802,772,393,559,684,0,721,749,805,325,734,705,599,821,666,709,0
145,exeggcta,550,110,1,51,4,138,30,38,21,24,45,0,32,31,0,28,43,60,0,28,30,45,45,0,0,0,0,40,0,821,837,909,639,779,829,829,396,824,822,818,822,795,793,326,856,738,755,828,819,842,0
146,farwynds,161,32,3,30,33,46,0,20,21,0,0,0,0,14,1,0,0,60,0,7,14,0,11,0,0,0,0,32,692,0,429,656,699,749,749,746,391,573,510,574,705,703,693,319,632,614,499,620,625,657,0
147,feedlhar,39,8,7,28,38,32,6,0,25,0,7,0,0,0,0,0,5,0,0,0,14,0,6,0,0,0,0,18,697,361,901,1010,542,561,563,0,388,676,874,559,458,606,520,251,729,597,553,1407,654,630,0
148,felicche,386,77,2,38,21,76,28,30,22,5,41,41,33,0,24,0,8,60,9,30,30,42,9,0,0,0,0,9,383,279,580,418,645,498,454,588,377,418,450,727,1391,441,466,319,391,323,302,136,295,337,0
149,fellpear,203,41,8,39,3,120,0,29,20,0,5,0,0,19,16,0,0,0,31,0,23,33,12,0,0,0,0,32,1305,292,723,749,428,635,601,525,0,570,534,699,359,653,386,220,0,499,557,1367,389,1412,186
150,fernaani,51,10,12,40,18,71,12,18,0,0,0,0,0,0,0,0,0,0,0,0,21,0,0,0,0,0,0,0,247,248,759,693,256,182,240,217,232,655,570,256,235,678,256,264,691,774,247,1387,254,1400,0
151,fernanco,458,92,1,36,20,79,28,31,29,16,45,60,36,27,6,0,8,0,31,0,23,0,32,0,0,45,0,45,854,883,829,852,768,852,843,827,293,845,809,817,853,850,842,0,874,876,815,855,845,844,808
152,firestag,68,14,2,18,35,44,0,0,0,0,0,0,0,0,0,0,0,54,0,0,14,0,5,0,0,0,0,5,764,0,738,723,804,749,833,755,0,677,749,873,737,848,714,0,595,587,709,571,777,544,0
153,flatgarn,160,32,0,42,21,64,30,24,24,0,7,0,0,0,7,0,20,0,0,0,0,29,0,0,28,0,0,14,752,993,671,794,777,713,609,1210,339,479,689,649,709,663,669,315,463,470,483,658,368,532,0
154,flatnosm,221,44,2,39,9,104,30,30,21,0,0,0,35,0,22,32,16,0,0,0,21,30,6,0,0,0,0,19,746,361,722,759,781,887,726,744,394,654,665,727,728,739,720,259,708,777,711,714,909,814,0
155,fostergl,74,15,6,26,36,34,0,30,4,0,0,0,0,0,0,0,3,0,28,16,0,0,5,0,0,0,0,0,650,343,604,525,724,640,439,422,283,592,671,0,773,651,625,310,521,535,767,666,0,0,0
156,frankthe,36,7,8,16,63,17,24,12,0,0,0,0,0,0,0,0,0,0,0,0,0,0,0,0,0,0,0,0,0,1011,646,646,700,733,619,761,1242,0,468,518,210,453,727,0,0,529,566,1041,440,208,0
157,fransisj,303,61,3,47,8,111,28,30,22,25,41,0,0,17,2,0,20,55,9,0,21,0,34,0,0,0,0,19,1004,989,909,671,267,941,987,265,381,909,853,265,279,305,287,823,902,812,240,242,267,266,812
158,gagedona,186,37,1,32,38,49,22,16,19,0,0,0,0,27,12,0,3,60,0,0,30,0,5,0,0,0,0,9,0,921,0,0,807,0,764,729,892,544,227,719,615,674,687,846,303,503,882,670,729,721,0
159,gaiamyre,101,20,2,9,48,19,30,0,27,0,19,0,0,0,0,0,20,0,0,0,0,0,0,0,0,0,0,0,697,358,557,0,675,667,0,695,393,590,0,0,560,0,0,0,0,0,0,0,0,0,0
160,gaiawill,285,57,4,19,23,59,30,24,0,16,45,0,0,15,0,0,45,60,0,0,0,0,45,0,0,0,0,0,1089,351,572,593,444,495,318,443,1180,145,605,571,211,344,670,0,251,517,357,1041,515,210,0
161,ganisrum,295,59,5,42,18,81,26,30,19,0,45,0,39,0,1,0,14,60,9,20,19,5,32,0,0,0,0,20,839,368,715,779,804,700,0,0,390,0,690,740,747,754,736,310,665,659,708,705,702,615,0
162,gardeneh,191,38,0,24,46,43,30,27,26,7,0,46,33,0,3,0,16,0,0,0,29,0,0,0,0,0,0,0,721,362,577,649,506,518,490,469,274,654,522,470,591,529,819,313,383,472,594,343,337,390,0
163,garthars,0,0,4,3,59,3,0,0,0,0,0,0,0,0,0,0,0,0,0,0,0,0,0,0,0,0,0,0,432,0,0,0,0,0,0,0,0,0,0,0,0,0,0,0,0,0,0,0,0,0,0
164,gascoynb,16,3,0,2,68,4,16,0,0,0,0,0,0,0,0,0,0,0,0,0,0,0,0,0,0,0,0,0,582,0,0,0,463,317,397,359,0,690,0,0,0,0,0,0,0,0,0,0,0,0,0
165,gazlowem,21,4,4,23,51,25,10,11,0,0,0,0,0,0,0,0,0,0,0,0,0,0,0,0,0,0,0,0,646,363,517,726,0,758,543,353,0,493,0,0,0,0,0,0,0,0,583,0,0,0,0
166,generala,129,26,0,31,35,44,25,17,26,0,36,0,0,0,10,0,20,0,0,0,0,0,8,0,0,0,0,20,791,363,658,730,636,614,784,658,393,690,615,749,680,778,663,325,649,653,795,796,514,613,0
167,gennietr,176,35,1,36,20,77,27,6,12,0,5,72,0,0,0,0,5,51,0,0,14,0,5,0,0,0,0,8,551,258,457,735,638,788,603,641,377,654,493,521,500,658,484,306,447,615,492,484,441,542,0
168,geoffren,126,25,0,25,38,52,30,12,23,0,7,0,0,0,0,0,0,44,0,3,17,0,9,0,0,0,0,20,396,272,0,370,454,261,349,157,391,389,434,649,340,287,369,325,497,452,372,318,254,634,0
169,georgiej,179,36,3,32,20,79,28,0,22,0,0,34,28,0,0,0,0,45,0,0,22,0,0,0,0,0,0,6,532,361,561,486,574,539,483,1310,396,486,560,683,552,531,720,298,574,620,421,516,422,413,0
170,gerilewy,181,36,14,46,29,62,28,0,18,5,23,0,0,0,0,0,5,45,9,23,23,0,0,0,21,0,0,18,738,1331,564,1273,691,1065,1363,584,385,644,664,898,703,543,719,256,615,720,611,653,757,561,0
171,gisellej,71,14,1,14,57,16,30,23,13,0,0,0,0,0,0,0,0,0,0,0,0,0,0,0,0,0,0,0,766,344,748,462,689,665,438,0,0,0,0,545,539,532,388,0,600,0,0,522,385,535,0
172,gisellet,166,33,15,48,3,144,29,16,23,0,0,0,40,0,12,0,16,0,0,25,21,0,16,0,0,0,0,0,675,368,630,597,761,586,665,620,394,632,662,746,727,725,922,325,684,667,820,660,682,797,0
173,glassmis,84,17,5,23,39,31,23,19,13,0,0,0,0,0,0,0,29,0,0,0,0,0,0,0,0,0,0,6,790,0,840,838,0,650,684,685,0,681,687,0,522,458,0,0,0,0,0,0,0,0,0
174,goghojam,221,44,9,31,35,57,25,0,2,0,0,48,0,0,0,0,20,43,9,0,21,0,24,0,0,0,0,40,628,0,680,507,579,597,473,438,0,595,553,508,598,625,523,316,648,443,475,498,1356,316,0
175,gomeznio,77,15,7,14,47,20,25,0,0,0,0,0,0,0,0,0,9,52,0,0,0,0,0,0,0,0,0,11,791,785,666,792,593,725,770,639,367,604,805,611,550,754,444,0,401,523,0,476,0,708,0
176,gonzomel,62,12,7,10,64,16,30,9,18,0,0,0,0,0,0,0,5,0,0,0,0,0,0,0,0,0,0,0,400,336,371,678,405,402,335,695,0,0,0,0,342,0,269,0,324,330,0,0,0,0,0
177,greyfede,148,30,2,12,28,65,26,0,23,0,45,0,0,0,3,0,27,0,0,0,0,0,11,0,0,0,0,27,708,0,761,684,637,651,599,589,394,640,547,664,659,739,598,0,0,0,593,523,490,0,0
178,griseldm,89,18,11,9,60,18,0,22,29,0,0,0,38,0,0,0,14,0,0,0,0,0,0,0,0,0,0,0,785,914,714,0,803,0,935,473,393,0,0,0,0,0,0,0,0,0,0,0,0,0,0
179,gruntlai,308,62,0,30,25,69,26,26,25,0,8,0,33,0,8,0,16,0,0,18,22,33,32,56,0,0,0,27,824,0,453,644,639,667,676,751,360,521,342,651,571,612,357,1351,512,486,559,594,239,599,0
180,gundersj,58,12,15,36,51,35,28,16,6,0,0,0,0,0,0,0,0,0,9,7,14,0,5,0,0,0,0,5,858,0,850,706,774,804,801,806,0,789,795,804,800,751,747,0,767,752,807,676,739,726,0
181,gustavoc,85,17,0,24,49,37,23,30,10,0,5,0,0,0,0,0,5,0,22,0,0,0,0,0,0,0,0,6,1179,1405,228,409,462,527,397,581,301,467,380,347,412,346,417,326,289,257,345,456,408,364,0
182,harmonir,44,9,7,8,53,13,25,19,0,0,0,0,0,0,0,0,0,0,0,0,0,0,0,0,0,0,0,0,769,0,727,0,0,243,1278,0,0,0,0,0,0,0,0,0,0,0,0,0,0,0,0
183,harrynak,175,35,2,31,39,48,30,26,22,0,0,0,32,0,1,16,5,0,0,16,0,33,5,0,0,0,0,0,790,364,453,638,735,755,691,752,260,629,341,652,575,613,246,1351,360,269,559,394,306,678,0
184,hassleca,232,46,4,39,15,60,26,19,22,5,0,36,36,0,2,0,16,0,27,20,14,5,14,0,0,0,0,32,698,367,784,810,732,721,779,698,384,785,652,745,737,701,0,320,665,654,701,672,477,480,0
185,hellsrir,128,26,6,23,34,36,25,0,27,0,0,34,28,0,0,0,0,0,0,0,14,0,5,0,0,0,0,9,921,324,662,708,825,624,710,723,300,711,567,760,658,764,714,217,673,666,685,719,723,672,0
186,henrietg,119,24,3,21,43,33,28,18,18,7,0,29,33,0,0,0,0,0,22,0,0,0,0,0,0,0,0,0,523,873,593,740,807,372,477,0,230,661,574,501,403,0,0,804,0,0,0,122,0,0,0
187,hillmand,281,56,6,50,18,81,0,16,22,5,45,0,41,0,19,4,20,0,9,25,22,34,32,0,0,0,0,0,719,0,753,891,711,652,691,827,390,522,659,654,683,639,597,320,396,371,592,0,0,0,0
188,hokemyge,30,6,5,3,64,6,30,0,0,0,0,0,0,0,0,0,0,0,0,0,0,0,0,0,0,0,0,0,0,0,0,0,0,0,0,0,0,0,0,0,0,0,0,0,0,0,0,0,0,0,0
189,honeyded,222,44,2,15,40,37,27,0,0,0,36,44,0,0,3,0,9,57,18,21,14,0,16,0,0,0,0,16,742,345,685,608,576,642,667,647,0,600,666,591,649,683,678,307,518,581,625,615,642,676,0
190,horseabe,119,24,5,31,28,43,30,23,20,0,0,46,0,0,2,0,16,0,0,0,0,0,11,0,0,0,0,11,857,367,748,826,790,835,812,735,394,658,809,811,806,785,812,312,729,758,794,820,784,807,0
191,hotahkry,0,0,3,1,68,1,0,0,0,0,0,0,0,0,0,0,0,0,0,0,0,0,0,0,0,0,0,0,998,0,0,0,0,0,0,0,0,0,0,0,0,0,0,0,0,0,0,0,0,0,0
192,iddrasol,36,7,2,16,54,19,3,9,13,0,0,0,0,0,0,0,0,0,0,0,14,0,0,0,0,0,0,5,812,827,777,0,674,736,803,784,0,479,739,822,703,822,759,0,822,785,807,769,837,817,0
193,iggoseft,96,19,13,27,30,61,30,38,0,0,23,0,0,0,0,0,0,0,0,0,0,0,18,0,0,0,0,11,1188,208,648,0,0,410,308,298,0,361,0,734,0,0,0,0,0,426,0,609,430,0,0
194,ignacioy,56,11,4,11,50,17,0,19,7,0,0,0,37,0,0,0,8,0,0,0,0,0,6,0,0,0,0,0,802,0,641,644,627,572,544,625,0,477,662,485,0,470,0,0,788,0,0,0,0,0,0
195,ileanash,207,41,3,35,16,86,25,12,7,0,0,52,0,0,0,0,0,60,9,0,27,31,5,0,0,0,0,5,873,875,780,729,871,860,854,823,386,749,741,873,830,811,775,901,748,736,880,872,863,0,0
196,ingleavg,304,61,3,43,19,70,21,28,22,5,0,0,33,29,30,0,14,40,0,30,30,36,11,0,0,0,0,20,667,837,805,819,624,766,708,715,394,799,541,697,813,795,376,903,724,547,741,676,450,433,0
197,ingridbr,356,71,0,51,12,86,19,22,28,0,41,0,0,29,35,57,6,45,0,0,14,39,18,0,0,22,0,14,286,367,410,363,0,462,699,168,165,545,574,680,367,66,483,321,209,423,0,592,207,390,0
198,isaiasla,137,27,2,24,45,40,20,17,14,0,0,0,0,0,17,0,0,54,0,0,15,0,0,0,0,0,0,5,817,278,628,792,863,756,751,406,395,665,782,749,762,630,774,325,755,541,654,478,549,606,0
199,isistars,71,14,5,20,48,28,20,26,25,0,0,0,0,0,0,0,0,0,0,0,0,0,0,0,0,0,0,0,686,309,529,0,666,741,483,807,0,535,607,577,660,0,0,0,517,0,0,391,0,0,0
200,jackelyc,30,6,4,2,65,5,30,0,0,0,0,0,0,0,0,0,0,0,0,0,0,0,0,0,0,0,0,0,0,0,0,0,0,0,0,0,0,0,0,0,0,0,0,0,0,0,0,0,0,0,0
201,janellem,104,21,4,14,51,35,27,29,7,0,0,48,0,0,0,0,0,0,0,0,0,0,0,0,0,0,0,16,884,294,603,668,727,883,682,728,0,629,601,761,0,655,434,0,0,0,717,635,630,687,0
202,jarvangl,30,6,4,7,54,10,30,0,5,0,0,0,0,0,0,0,11,0,0,0,0,0,11,0,0,0,0,16,375,320,695,633,620,744,678,633,0,585,0,611,574,555,577,0,0,0,0,0,578,0,0
203,jeannesh,30,6,5,6,69,9,30,0,0,0,0,0,0,0,0,0,0,0,0,0,0,0,0,0,0,0,0,0,861,0,0,0,831,720,0,0,0,0,0,0,0,0,0,0,0,0,0,0,0,0,0
204,jeninega,71,14,1,20,45,40,30,15,26,0,8,0,0,0,0,0,9,0,0,0,0,0,11,0,0,0,0,8,823,363,822,540,623,619,588,568,0,664,0,621,549,539,608,0,492,488,456,481,422,564,0
205,joelleet,104,21,7,55,6,106,30,29,20,0,8,0,0,34,16,0,0,0,9,0,30,45,8,0,0,0,0,11,765,365,453,379,1428,379,743,1411,396,0,167,514,691,1193,674,1262,276,1419,108,1365,779,126,1403
206,jolynnca,0,0,8,5,65,5,0,0,0,0,0,0,0,0,0,0,0,0,0,0,0,0,0,0,0,0,0,0,696,0,0,353,0,0,0,0,0,0,0,0,0,0,0,0,0,0,0,0,0,0,0
207,jommosuz,186,37,3,35,19,54,30,27,27,18,7,0,0,0,2,0,5,49,0,16,14,5,4,0,0,0,0,9,822,357,805,801,743,743,814,815,395,787,805,658,703,793,742,0,782,680,636,786,636,784,0
208,jubileef,98,20,12,46,30,61,28,37,19,0,26,0,0,0,10,0,16,0,9,30,21,0,16,0,0,0,0,32,652,874,684,655,508,561,574,514,395,511,615,604,639,644,598,320,460,620,624,578,576,478,0
209,judiejos,108,22,3,22,43,33,25,23,6,0,0,0,0,0,0,0,5,60,0,0,0,0,3,0,0,0,0,11,773,365,760,470,756,749,766,763,0,613,672,780,749,699,653,0,0,0,655,704,0,0,0
210,justindo,0,0,1,6,56,6,0,0,1,0,0,0,0,0,0,0,0,0,0,0,0,0,0,0,0,0,0,3,618,0,644,680,718,681,633,569,379,635,817,807,749,788,779,0,0,0,728,702,0,714,0
211,justinec,311,62,5,32,24,71,24,27,0,5,45,48,0,29,0,0,16,0,36,34,30,33,11,0,0,0,0,14,268,1438,804,734,289,311,277,250,244,702,0,0,530,261,271,236,764,756,248,290,271,246,0
212,justinsm,104,21,3,14,57,24,29,12,0,0,0,0,0,0,0,0,5,49,0,0,14,0,0,0,0,0,0,0,255,293,721,712,541,562,619,569,0,502,722,294,254,384,190,286,660,610,236,260,265,0,0
213,jyannama,136,27,6,22,51,33,0,0,0,0,0,0,0,0,25,0,0,60,30,0,21,0,5,0,0,0,0,5,715,184,659,707,668,600,720,588,321,627,543,671,623,570,651,1438,611,603,603,1438,655,648,0
214,kacietsa,58,12,5,29,52,33,20,0,24,0,0,0,0,0,0,0,2,0,0,0,14,0,0,0,0,0,0,5,798,800,846,866,709,724,705,679,936,763,868,697,662,775,661,0,513,789,684,720,828,483,0
215,kacyfare,539,108,5,36,12,95,30,36,22,18,26,54,33,27,23,51,16,60,31,0,30,43,45,0,0,0,0,0,552,365,632,639,647,548,745,575,371,543,551,696,654,741,542,318,472,546,399,421,331,416,0
216,kambrith,117,23,2,33,34,45,27,0,2,0,0,0,0,0,2,0,5,40,9,11,14,0,12,0,25,0,0,14,706,0,818,748,795,796,746,860,0,536,686,725,738,778,401,0,694,583,660,720,791,681,0
217,karkaror,232,46,10,39,29,62,9,11,29,20,31,0,33,0,0,0,11,60,9,0,29,0,16,0,0,0,0,0,901,1013,735,844,646,867,793,939,911,607,670,876,847,916,935,261,606,684,0,0,0,0,0
218,kathalec,64,13,0,11,63,17,0,0,0,0,0,0,0,0,0,0,0,51,0,0,13,0,0,0,0,0,0,0,0,207,0,442,0,302,345,0,233,574,669,330,159,0,183,209,519,606,0,267,93,284,0
219,katharij,118,24,0,38,7,101,27,30,25,0,5,46,30,0,7,28,9,0,9,11,21,0,14,0,0,0,0,18,745,1054,1425,662,726,1354,717,702,394,475,775,518,1420,1203,1358,1014,516,596,681,527,529,733,0
220,kathisma,106,21,2,22,52,32,30,30,27,0,0,0,0,0,14,0,0,0,9,0,0,0,0,0,0,0,0,0,666,369,754,776,650,664,666,663,395,742,741,674,667,657,654,0,0,0,0,0,0,0,0
221,keeliceb,111,22,0,30,37,42,21,9,27,0,0,0,0,29,0,0,3,0,0,10,15,0,16,0,0,0,0,11,628,359,685,630,633,699,757,757,396,690,621,0,529,593,633,0,622,633,607,644,596,564,0
222,keikoshe,47,9,0,2,65,7,0,0,0,0,0,0,0,0,0,0,0,47,0,0,0,0,0,0,0,0,0,0,0,0,637,0,0,616,283,0,449,560,461,0,754,0,0,0,0,0,0,0,0,0,0
223,kelvinch,126,25,11,34,33,57,0,0,29,0,0,0,27,0,0,0,18,43,27,0,0,0,0,0,0,0,0,14,1396,1328,1398,602,293,598,1402,1411,385,464,521,553,997,1338,295,72,379,567,439,1169,314,100,0
224,kenchurl,146,29,12,44,23,48,30,0,21,14,12,0,28,0,0,0,11,0,0,25,23,5,8,0,0,0,0,18,763,352,654,653,738,709,755,683,389,633,666,683,711,706,669,307,674,753,543,663,637,677,0
225,keshasum,563,113,2,40,13,94,23,30,26,0,45,0,43,40,41,32,45,60,27,30,30,44,9,0,0,0,0,37,700,362,673,700,672,693,672,803,130,719,610,715,718,715,712,324,662,778,714,687,702,661,0
226,ketterla,472,94,10,49,5,126,30,38,25,26,3,42,36,32,34,0,8,47,9,0,30,45,32,0,0,0,0,45,928,924,920,862,878,874,887,912,921,829,700,794,842,902,765,320,725,756,774,853,785,762,0
227,kirstent,72,14,1,14,55,27,19,26,27,0,0,0,0,0,10,0,0,0,0,0,0,0,0,0,0,0,0,0,517,0,658,700,300,294,417,458,319,317,287,489,467,414,396,0,398,537,459,414,169,454,0
228,kishacha,0,0,1,6,64,6,3,0,0,0,0,0,0,0,0,0,5,0,0,0,0,0,0,0,0,0,0,0,679,225,0,372,429,620,689,426,395,766,498,568,555,0,474,229,0,0,345,634,392,0,0
229,kiwiberc,54,11,0,9,59,14,12,0,0,0,5,42,0,0,0,0,0,0,0,0,0,0,0,0,0,0,0,0,928,368,0,785,322,360,299,0,0,0,0,0,0,0,0,0,0,0,0,0,0,0,0
230,kombuort,0,0,8,5,69,3,0,0,0,0,0,0,0,0,0,0,0,0,0,0,0,0,0,0,0,0,0,5,660,0,476,611,579,635,553,638,0,633,644,617,574,249,548,0,587,452,518,489,451,510,0
231,kristapo,518,104,0,39,5,101,28,38,29,34,45,0,32,29,27,27,37,60,33,0,0,44,14,0,0,0,0,45,692,367,783,700,438,700,708,708,386,514,707,709,705,704,701,316,647,578,453,694,710,0,0
232,kristleq,189,38,15,26,44,45,27,30,28,9,5,46,0,0,0,21,5,0,23,0,0,0,6,0,0,0,0,6,863,353,677,442,824,675,795,532,378,922,807,829,854,738,901,326,776,0,0,0,0,0,0
233,kronbrid,161,32,1,30,26,54,24,26,16,0,7,34,29,0,3,5,16,0,0,27,0,0,9,0,0,0,0,12,637,354,546,486,458,218,517,568,395,388,404,608,441,358,316,318,391,349,461,300,442,0,0
234,kuehlnov,110,22,1,20,39,31,30,20,1,0,0,0,0,0,11,0,18,60,0,0,0,0,0,0,0,0,0,0,828,365,878,755,716,916,836,252,0,524,969,610,0,549,0,0,0,0,0,0,0,0,0
235,kurtvero,159,32,4,23,46,43,27,16,22,0,0,0,0,0,0,0,0,57,23,0,14,0,11,0,0,0,0,5,1068,800,579,0,311,334,529,0,382,629,665,402,478,607,576,294,702,713,695,911,0,637,1366
236,kymberld,212,42,2,36,36,54,30,0,23,0,36,46,6,0,0,0,14,0,31,0,14,10,0,0,0,0,0,27,679,341,689,610,672,575,628,621,386,635,748,543,571,632,558,310,415,523,604,553,534,605,0
237,lainlyro,95,19,0,25,51,35,28,16,5,0,7,0,0,0,0,0,0,51,0,4,0,0,3,0,0,0,0,9,740,796,644,837,742,823,656,863,393,753,787,655,668,656,781,324,778,871,730,713,703,647,0
238,lakitale,153,31,3,19,52,32,30,23,22,15,23,0,0,0,0,0,16,0,9,21,14,0,6,0,0,0,0,16,671,348,379,623,736,618,613,531,355,0,0,742,744,482,557,322,527,460,503,562,0,453,0
239,laquitke,197,39,3,22,45,40,27,30,19,0,15,0,32,0,0,0,20,0,0,0,19,0,9,0,50,0,0,11,658,369,575,370,592,663,666,1415,0,660,536,555,1429,540,595,1438,540,802,505,553,339,1435,0
240,lareeigg,184,37,8,25,33,37,25,0,22,0,0,0,0,16,8,0,6,0,0,0,30,40,27,0,0,0,0,24,682,0,655,0,519,602,520,639,392,618,676,531,636,600,647,323,586,491,0,647,0,616,0
241,larratox,121,24,2,37,41,45,19,6,26,0,0,0,33,0,2,0,6,0,0,0,0,0,8,0,0,0,0,43,791,342,0,0,585,636,650,529,384,603,527,533,377,775,550,0,0,0,573,416,499,0,0
242,laurinet,19,4,3,18,29,50,19,0,5,0,0,0,8,0,0,0,0,0,0,0,0,0,5,0,0,0,0,3,427,0,650,0,373,361,570,688,0,107,360,420,0,387,308,317,308,333,503,388,441,308,0
243,laverwea,283,57,7,33,25,69,27,31,21,0,3,0,0,0,26,0,21,60,31,0,0,0,29,0,0,9,0,32,820,334,772,805,794,801,802,831,308,771,780,810,796,768,768,289,0,0,0,754,808,673,0
244,lawandam,26,5,1,4,55,7,26,0,0,0,0,0,0,0,0,0,0,0,0,0,0,0,0,0,0,0,0,0,1072,0,745,0,0,0,0,0,0,0,0,0,0,0,0,0,0,0,0,0,0,0,0
245,leakingm,272,54,4,33,22,61,30,30,19,5,45,0,33,20,24,0,4,52,9,0,14,0,14,0,0,0,0,19,790,930,773,776,642,752,751,728,0,562,681,547,607,551,559,0,498,0,649,536,768,744,0
246,leathera,65,13,1,17,52,24,30,0,15,0,5,0,0,0,0,0,0,0,0,5,20,0,5,0,0,0,0,9,224,228,0,654,311,240,288,118,393,370,0,744,242,740,212,261,736,299,774,677,447,586,0
247,leeksdia,72,14,7,51,2,145,0,0,23,0,0,0,0,0,0,0,0,49,0,0,0,4,0,0,0,0,0,0,0,367,857,836,943,932,920,895,852,859,805,852,835,842,1377,306,805,806,872,805,801,876,0
248,lenylarm,169,34,3,32,40,50,28,0,29,0,0,0,0,28,0,0,0,0,0,29,20,35,20,0,0,0,0,16,409,250,0,734,850,316,518,0,0,433,0,620,337,551,329,296,714,675,821,538,698,295,0
249,lettersc,139,28,0,31,31,60,30,30,0,0,0,0,31,0,6,0,12,0,0,0,21,0,5,0,0,0,0,27,671,262,669,674,773,669,668,665,391,657,560,629,679,629,621,317,641,602,606,774,595,573,0
250,libertyf,168,34,2,26,48,41,25,30,0,0,0,0,0,0,1,0,29,60,0,0,0,0,18,0,0,0,0,24,782,0,718,681,710,767,719,655,0,686,606,761,310,768,681,0,672,658,701,710,419,0,0
251,lidaserw,129,26,3,25,47,38,28,0,20,0,0,0,0,0,5,0,9,60,0,0,21,0,8,0,0,0,0,9,764,293,542,515,499,389,520,783,393,566,538,545,670,579,513,320,394,385,273,619,418,0,0
252,lilianme,47,9,0,17,53,32,25,9,13,0,0,0,0,0,2,0,0,0,0,0,0,0,2,0,0,0,0,0,775,289,602,420,593,484,607,713,333,657,692,547,571,654,533,218,594,1401,506,497,491,1376,0
253,lilliask,186,37,15,51,14,93,28,24,22,0,0,0,0,0,23,18,5,43,0,7,23,0,6,0,0,0,0,12,811,318,559,520,614,649,452,1376,221,525,504,682,514,715,420,325,465,492,722,526,470,564,0
254,linnease,155,31,3,30,27,44,30,26,22,0,0,0,34,0,2,0,11,0,0,0,14,0,9,0,0,0,0,29,691,364,437,0,398,783,665,662,354,508,584,530,496,554,0,304,422,418,742,651,566,665,0
255,lisandrk,44,9,1,16,60,21,25,6,7,0,19,0,0,0,0,0,5,0,9,0,0,0,0,0,0,0,0,0,618,271,452,1393,546,537,461,591,383,604,0,512,542,544,540,0,555,0,0,0,0,0,0
256,lizethot,26,5,3,2,67,5,26,0,0,0,0,0,0,0,0,0,0,0,0,0,0,0,0,0,0,0,0,0,747,362,0,0,0,0,0,0,0,0,0,0,0,0,0,0,0,0,0,0,0,0,0
257,lomyspat,315,63,0,30,16,59,0,0,26,25,45,0,34,0,0,0,20,43,31,0,28,36,11,0,0,0,0,27,566,304,661,622,613,592,697,741,380,557,398,608,680,428,729,290,564,615,580,602,613,600,0
258,lorentsh,179,36,1,35,8,83,30,0,25,0,7,40,32,0,6,0,5,0,31,0,21,0,11,0,0,0,0,2,844,839,853,858,838,838,833,833,0,826,728,835,835,821,816,0,727,776,824,840,812,817,0
259,louissuz,90,18,14,69,4,117,30,18,23,0,0,0,0,0,0,0,3,0,9,0,19,0,5,0,0,0,0,9,600,846,737,725,641,596,594,574,381,724,778,567,675,654,420,879,670,777,508,615,443,943,0
260,lowneyba,69,14,3,28,35,35,30,17,22,0,5,0,0,0,0,0,0,0,0,0,0,0,2,0,0,0,0,5,910,973,772,704,847,982,966,849,1006,635,500,860,860,721,778,0,648,662,671,682,682,447,0
261,lucievik,14,3,3,9,68,10,0,0,0,0,0,0,0,0,0,0,0,0,9,0,14,0,0,0,0,0,0,3,789,0,430,504,601,498,443,0,0,0,0,462,510,491,493,263,730,523,456,319,430,549,0
262,lupitawe,96,19,2,33,31,39,30,30,0,0,0,0,0,0,22,0,0,0,9,0,14,10,0,0,0,0,0,12,755,240,627,0,461,723,341,541,0,539,461,432,474,574,243,185,0,410,419,392,314,332,0
263,madamjad,41,8,0,17,55,18,0,27,0,0,0,0,0,0,0,0,11,0,0,0,14,0,0,0,0,0,0,5,705,135,1406,699,665,1415,503,694,0,445,590,448,1356,577,685,317,734,1393,636,735,548,659,0
264,madiemor,171,34,4,37,19,54,8,30,29,7,0,0,43,0,20,0,2,0,20,0,21,0,8,0,0,0,0,8,738,237,603,658,693,774,814,806,384,710,480,711,757,740,705,268,564,581,747,768,761,714,0
265,magnetch,133,27,3,26,39,39,28,6,13,0,0,0,39,0,9,0,0,0,0,30,23,0,3,0,0,0,0,6,789,351,331,404,548,616,593,515,334,484,531,543,474,637,623,0,519,375,313,592,496,0,0
266,magnetos,108,22,1,9,56,25,0,0,2,0,0,72,36,0,0,0,0,0,0,0,0,0,0,0,0,0,0,0,0,0,715,616,602,549,0,0,977,349,302,343,199,1409,0,0,0,0,0,0,0,0,0
267,mandaris,203,41,5,33,10,104,30,30,23,6,0,0,0,0,3,0,11,43,9,25,21,31,6,0,0,0,0,16,480,0,379,323,291,176,400,394,0,322,309,275,252,425,421,1436,0,0,316,1438,1430,1437,0
268,mantarag,79,16,6,27,38,32,25,0,19,0,0,0,0,0,12,0,5,0,9,0,23,0,2,0,0,0,0,0,511,298,412,661,727,642,881,385,0,670,464,516,470,841,417,219,509,816,444,349,479,611,0
269,margerts,0,0,3,3,67,3,0,0,0,0,0,0,0,0,0,0,0,0,0,0,0,0,0,0,0,0,0,0,597,831,427,0,351,0,0,0,0,0,0,0,0,0,0,0,0,0,474,443,0,0,0
270,mariselk,0,0,6,9,69,9,0,0,1,0,0,0,0,0,0,0,0,0,0,0,0,0,0,0,0,0,0,5,223,283,621,590,244,337,246,270,305,237,540,188,267,239,196,265,262,304,257,238,165,209,0
271,marivelk,530,106,0,44,13,96,30,30,29,21,0,0,42,39,34,28,40,49,30,30,30,45,14,0,0,0,0,43,855,367,778,715,769,494,782,799,375,705,710,745,769,754,738,322,727,699,669,704,787,640,0
272,marivete,154,31,3,13,54,28,29,9,14,0,0,42,0,0,0,0,0,60,0,0,0,0,0,0,0,0,0,0,660,0,627,413,286,295,310,293,0,0,0,0,0,217,0,0,0,0,0,0,0,0,0
273,marjorma,34,7,6,14,61,16,21,13,0,0,0,0,0,0,0,0,5,0,0,0,0,0,5,0,0,0,0,4,799,0,779,729,453,738,625,802,0,788,661,805,813,768,523,0,800,746,827,846,783,803,835
274,matthsho,0,0,2,0,69,0,0,0,0,0,0,0,0,0,0,0,0,0,0,0,0,0,0,0,0,0,0,0,0,0,0,0,0,0,0,0,0,0,0,0,0,0,0,0,0,0,0,0,0,0,0
275,mattieys,0,0,4,2,60,2,0,0,0,0,0,0,0,0,0,0,0,0,0,0,0,0,0,0,0,0,0,0,1072,0,0,0,0,0,0,0,0,0,0,0,0,0,0,0,0,0,0,0,0,0,0
276,maudieel,259,52,3,25,36,55,25,38,24,0,0,0,29,15,0,0,5,52,25,21,30,0,9,0,0,0,0,9,717,340,714,543,1399,598,459,663,360,445,487,286,389,393,390,0,597,1320,0,460,325,477,0
277,mckenzic,212,42,0,41,15,79,27,35,27,0,36,0,30,39,27,0,8,0,9,30,30,5,14,0,26,0,0,20,832,368,755,392,692,838,810,716,0,540,830,758,729,717,699,0,642,397,685,693,736,554,856
278,meaganlo,198,40,0,30,34,58,30,0,24,0,0,43,36,0,0,0,0,43,9,0,22,5,9,0,0,9,0,9,681,367,461,611,773,520,765,445,371,564,573,584,399,410,607,314,638,591,595,682,547,338,0
279,meerabur,100,20,6,4,68,4,0,0,0,0,0,0,0,0,0,0,0,0,0,0,0,0,0,0,0,0,0,0,718,946,0,0,895,727,754,0,1008,0,0,604,694,660,0,0,0,0,0,0,718,0,0
280,meliansy,200,40,0,22,31,48,0,0,22,0,19,0,26,0,8,31,5,37,0,0,0,34,11,0,0,31,0,11,924,350,740,683,806,853,928,771,387,806,889,762,868,756,815,310,804,775,710,709,911,685,0
281,melissim,146,29,6,15,22,49,23,9,1,0,0,48,29,0,0,0,2,37,0,0,0,0,5,0,0,0,0,9,695,359,224,460,672,633,726,655,0,248,958,621,709,595,614,219,0,201,486,363,227,1082,0
282,melleica,39,8,2,10,51,16,0,19,20,0,0,0,0,0,0,0,0,0,0,0,0,0,0,0,0,0,0,0,872,885,708,0,716,722,687,0,854,0,0,691,0,0,682,0,672,494,476,576,731,614,0
283,mickeyho,207,41,9,34,15,60,18,0,24,0,0,84,0,0,26,0,0,55,9,0,0,0,0,0,0,0,0,0,558,0,765,0,0,517,0,458,393,481,0,0,694,366,0,0,666,0,0,0,0,0,0
284,mikaelaj,64,13,0,6,61,12,0,0,20,0,0,44,0,0,0,0,0,0,0,0,0,0,0,0,0,0,0,0,628,0,786,751,553,587,0,0,0,0,0,0,0,0,0,0,0,0,0,0,0,0,0
285,mikkenel,0,0,2,6,66,6,0,0,0,0,0,0,0,0,0,0,0,0,0,0,0,0,0,0,0,0,0,0,844,334,664,730,774,647,0,0,0,0,0,0,0,0,0,0,0,0,0,0,0,0,0
286,miklazje,236,47,1,24,28,43,0,28,21,11,0,60,33,5,10,0,14,0,0,30,19,0,0,0,0,0,0,29,630,122,572,434,647,614,378,540,0,411,668,0,668,552,490,314,412,545,553,0,547,489,0
287,milleras,142,28,3,43,9,104,5,8,7,0,0,46,0,0,0,0,5,0,9,0,30,0,2,58,0,0,0,3,781,293,710,779,794,708,819,756,389,338,606,701,661,636,0,316,599,649,675,743,1383,504,0
288,mimealeq,151,30,2,24,54,31,23,0,0,0,0,0,35,0,4,35,14,0,0,0,0,0,29,0,0,0,0,29,731,311,565,659,438,723,495,617,394,490,581,525,718,699,696,321,396,720,573,512,287,525,0
289,monikale,169,34,3,30,24,47,28,29,23,5,0,0,33,0,17,0,4,0,0,18,21,0,5,0,0,0,0,0,754,368,698,672,815,761,677,1281,389,633,540,510,748,450,1396,326,512,507,387,787,0,0,0
290,montethy,78,16,6,27,37,33,25,13,14,0,0,0,0,0,0,0,0,0,9,12,14,0,5,0,0,0,0,8,768,0,828,712,737,720,740,767,0,645,768,709,649,652,645,325,651,649,703,627,622,641,0
291,montgomm,424,85,10,44,5,116,30,28,25,17,7,0,41,21,27,0,32,55,31,0,21,31,29,0,31,0,0,12,814,853,0,679,835,777,768,791,365,575,605,844,827,796,691,263,579,733,697,627,698,670,0
292,montgomu,80,16,5,13,46,22,25,28,27,0,0,0,0,0,0,0,3,0,0,0,0,0,0,0,0,0,0,0,590,0,600,527,516,708,657,585,0,522,449,0,631,599,0,0,0,0,779,0,0,0,0
293,mootonam,300,60,3,38,12,69,16,16,27,0,0,54,38,26,0,0,8,49,27,12,30,6,11,0,0,0,0,18,824,0,791,728,815,812,806,807,0,773,779,802,812,775,813,0,452,0,784,820,778,0,0
294,mortyred,30,6,0,4,55,7,30,0,1,0,5,0,0,0,0,0,0,0,0,0,0,0,0,0,0,0,0,0,712,330,681,659,0,556,514,547,0,0,0,0,0,0,0,0,0,0,0,0,0,0,0
295,mudgetaw,102,20,9,17,48,28,20,0,15,0,0,0,0,0,0,0,0,52,0,0,15,0,5,0,0,0,0,9,784,0,740,0,872,736,778,783,0,754,557,786,777,685,781,0,747,495,774,817,830,840,0
296,mygeetoq,216,43,2,35,5,122,25,27,20,16,0,0,0,0,0,27,16,43,9,0,21,0,32,0,0,0,0,8,713,369,762,701,671,728,669,840,368,767,769,723,803,0,570,324,788,766,585,513,676,1434,0
297,nahasaps,520,104,1,38,9,92,30,38,28,0,45,34,39,32,20,4,16,45,26,20,30,0,16,56,35,0,0,37,814,304,501,584,823,823,860,670,396,465,558,764,861,876,850,325,532,591,676,538,440,0,0
298,nathanap,204,41,8,36,27,66,28,20,22,0,0,52,41,20,0,0,16,0,9,16,0,0,0,0,0,0,0,20,920,974,695,624,557,861,903,483,918,0,857,653,563,684,1232,0,778,316,547,493,474,0,0
299,naylanat,88,18,9,8,59,22,28,0,0,0,0,0,0,0,0,0,0,60,0,0,0,0,0,0,0,0,0,0,1393,1407,613,682,188,1437,478,1413,869,559,647,248,991,0,143,1351,236,467,134,1347,891,664,0
300,naylaros,134,27,5,29,32,38,23,0,6,14,0,0,37,0,10,7,3,60,0,0,0,0,3,0,0,0,0,9,755,364,786,645,704,714,682,667,393,642,634,822,615,640,615,325,568,609,616,670,546,568,1306
301,nazeeble,92,18,0,34,30,63,30,6,17,0,7,0,0,0,2,4,8,0,23,7,22,0,16,0,0,0,0,11,876,351,405,559,884,866,857,849,393,492,633,813,849,596,881,0,500,446,844,520,825,909,0
302,neominid,177,35,2,26,28,63,30,30,19,3,0,48,29,0,0,0,16,0,0,0,21,0,18,0,0,0,0,18,677,365,736,0,694,695,703,693,393,651,631,694,549,621,617,326,477,587,474,664,250,546,0
303,nidokint,26,5,1,25,33,37,30,0,23,0,0,0,43,0,0,0,11,0,0,30,0,10,5,0,0,9,0,14,638,367,671,707,666,598,755,752,0,787,0,604,610,686,0,313,570,599,570,590,486,695,0
304,nightbon,506,101,15,40,14,91,30,36,26,37,45,0,43,35,0,0,43,55,36,0,0,0,45,65,0,0,0,21,709,361,0,697,0,730,744,493,392,479,474,706,771,753,720,325,0,605,0,680,743,753,0
305,nightprt,197,39,9,17,47,42,27,36,19,0,0,84,31,0,0,0,5,0,0,0,0,0,0,0,0,0,0,0,613,361,644,0,655,277,377,262,394,0,0,674,0,365,691,0,655,0,622,424,0,508,0
306,nildamar,38,8,2,26,48,41,30,6,22,0,0,0,0,0,0,0,0,55,31,0,9,0,16,0,0,0,0,20,853,352,565,0,513,265,261,201,231,472,363,252,336,310,198,267,451,425,221,0,0,165,0
307,ninglash,105,21,7,25,48,36,26,0,2,0,7,34,0,0,0,0,5,45,0,0,0,0,9,0,0,0,0,5,826,288,795,823,792,752,803,788,393,706,705,758,754,748,735,319,736,780,754,0,694,738,0
308,nissafre,98,20,1,27,38,49,30,9,22,0,0,0,0,0,0,0,5,0,23,3,14,0,11,0,0,0,0,9,827,353,0,918,361,588,779,682,394,762,790,571,651,734,702,229,658,1338,188,664,505,818,0
309,noisomge,275,55,0,32,15,60,25,0,20,6,45,29,33,20,0,0,0,49,0,11,22,45,18,0,0,0,0,0,790,360,383,359,802,793,777,1144,361,498,636,769,561,865,672,325,361,349,445,775,310,0,0
310,noreebal,29,6,1,0,74,3,0,0,29,0,0,0,0,0,0,0,0,0,0,0,0,0,0,0,0,0,0,0,0,0,0,400,0,0,0,0,0,0,0,0,0,0,0,0,0,0,0,0,0,0,0
311,odessapa,119,24,0,39,32,59,28,24,26,0,0,0,0,0,0,0,0,0,31,30,30,45,0,0,0,0,0,0,413,326,762,0,215,447,755,156,154,536,433,418,495,537,265,307,268,0,410,345,297,338,0
312,olindagr,55,11,6,12,50,17,0,0,0,0,0,0,0,0,0,0,0,55,0,0,0,0,0,0,0,0,0,0,697,0,756,0,442,646,780,673,0,756,708,680,754,623,616,0,692,709,701,0,782,738,0
313,olympiah,91,18,2,10,59,19,0,0,0,0,0,44,0,0,0,0,0,47,0,0,0,0,0,0,0,0,0,0,671,940,809,779,652,545,736,568,1021,652,628,511,673,681,625,833,0,0,417,540,343,563,0
314,ondefloc,28,6,14,16,67,12,8,0,20,0,0,0,0,0,0,0,0,0,0,0,0,0,0,0,0,0,0,0,224,0,0,518,0,0,756,346,0,0,0,0,0,0,0,0,0,0,0,510,368,646,0
315,painenig,0,0,0,3,60,2,0,0,0,0,0,0,0,0,0,0,0,0,0,0,0,0,0,0,0,0,0,0,512,0,0,0,468,0,0,0,0,0,0,0,0,0,0,0,0,0,0,0,0,0,0
316,papayale,137,27,1,18,45,31,27,0,21,0,8,0,0,0,0,0,6,54,0,21,14,0,8,0,0,0,0,0,727,339,684,0,705,566,771,637,0,757,624,692,728,734,811,0,692,722,714,0,0,0,0
317,pasquald,225,45,0,36,18,56,28,34,24,0,31,0,32,21,0,0,0,0,9,0,18,32,4,0,0,0,0,0,711,817,0,749,775,697,737,435,358,246,726,483,306,475,618,325,412,654,486,617,0,272,0
318,patricid,74,15,9,22,51,25,30,11,19,0,7,0,0,0,0,0,0,0,9,0,14,0,6,0,0,0,0,0,526,365,679,717,506,638,0,615,0,0,509,659,329,370,382,0,604,548,0,0,0,659,0
319,paxtermo,488,98,5,38,14,93,30,37,25,0,45,0,33,39,40,74,8,55,0,30,30,45,20,0,0,0,0,0,552,365,0,0,659,548,662,571,362,545,552,0,649,609,560,321,482,0,410,261,333,416,0
320,peevesxa,124,25,1,35,24,47,25,12,29,7,0,0,0,0,3,0,5,0,22,10,0,0,21,0,0,0,0,14,853,365,686,736,739,707,784,737,394,724,0,767,748,759,739,319,705,451,0,829,779,749,0
321,perseusp,443,89,2,33,20,79,27,31,20,36,0,0,32,0,0,33,34,51,9,29,27,38,37,0,0,0,0,43,848,247,852,792,809,802,805,406,381,0,676,635,481,775,813,312,737,727,489,384,845,762,0
322,phillips,57,11,2,6,62,12,30,27,0,0,0,0,0,0,0,0,0,0,0,0,0,0,0,0,0,0,0,0,694,0,796,0,0,0,0,0,0,0,0,0,0,0,0,0,0,0,0,0,0,0,0
323,philomeq,55,11,4,6,58,22,0,0,5,0,0,0,0,0,0,0,0,55,0,0,0,0,0,0,0,0,0,0,588,297,760,508,509,611,576,304,308,514,593,398,598,576,337,308,340,628,568,335,467,1420,345
324,polentad,319,64,0,40,3,169,25,16,25,23,36,0,37,0,23,4,0,0,9,23,30,0,31,0,0,0,0,45,602,362,610,487,453,539,483,1435,397,534,596,703,552,531,730,325,575,619,288,503,207,787,0
325,porfirol,350,70,8,50,16,77,30,31,26,0,0,78,32,34,3,4,20,0,9,0,22,10,27,0,0,0,0,45,849,353,681,400,1431,819,779,654,352,571,509,1437,811,453,1078,323,44,1298,572,1259,454,1037,0
326,porschmi,28,6,0,10,53,13,12,16,2,0,0,0,0,0,0,0,8,0,0,0,0,0,0,0,0,0,0,0,784,151,754,0,639,634,667,539,0,0,0,457,0,0,0,0,0,0,0,0,0,0,0
327,portherc,74,15,6,37,24,47,23,0,25,0,0,0,0,0,9,0,2,0,9,12,14,5,5,0,0,0,0,11,789,908,833,757,816,808,651,753,363,665,0,753,672,766,767,264,597,608,638,635,705,508,0
328,prawnsir,567,113,1,36,12,86,23,29,22,5,23,0,33,22,0,37,27,60,31,30,30,45,37,0,50,31,0,27,657,367,574,388,591,483,489,1414,388,402,376,477,1426,1328,264,1432,1438,1404,0,285,340,1436,0
329,prefectc,72,14,8,39,37,54,26,29,7,0,41,0,33,5,4,0,14,0,9,0,14,7,6,0,0,0,0,24,836,293,819,777,754,809,774,728,383,592,0,790,749,759,743,164,794,631,801,730,720,685,0
330,priscisl,523,105,0,36,15,89,30,30,22,18,36,0,41,37,0,0,43,43,9,0,0,45,32,58,0,41,0,37,251,929,734,942,927,0,955,0,958,902,0,890,0,914,0,964,841,0,0,708,0,941,0
331,pullmirr,153,31,1,23,43,42,28,16,24,0,0,29,0,0,0,0,3,55,0,0,30,0,3,0,0,0,0,5,1010,0,364,361,796,756,946,640,0,664,647,855,674,673,675,0,796,218,238,695,700,632,0
332,pumpkinm,86,17,2,22,37,53,25,30,13,0,0,0,0,0,0,0,5,0,18,0,0,0,11,0,0,0,0,0,576,297,660,599,484,1354,539,747,394,537,580,319,1314,315,1015,311,482,364,520,369,408,177,0
333,ragwyler,0,0,2,0,77,0,0,0,0,0,0,6,0,0,0,0,0,0,0,0,0,0,0,0,0,0,0,0,735,0,0,0,0,0,0,0,0,0,0,0,0,0,0,0,0,0,0,0,0,0,0
334,ranabrid,222,44,1,22,31,48,5,0,26,9,0,78,38,0,0,0,0,52,0,0,14,0,5,0,0,0,0,2,770,362,694,628,738,757,695,711,374,764,520,691,714,700,619,260,523,525,585,187,642,542,0
335,rapidasb,171,34,0,23,44,41,0,16,25,20,0,48,32,0,3,0,8,0,0,10,15,7,18,0,0,0,0,0,604,308,661,115,499,409,665,573,237,542,291,368,278,249,344,281,416,332,0,0,0,0,0
336,redwyneb,164,33,5,24,38,49,23,0,26,0,0,0,36,0,0,0,5,49,0,0,30,0,8,0,0,0,0,11,977,366,702,788,885,843,857,856,0,735,821,795,821,778,767,0,783,670,736,822,662,718,0
337,regenaho,182,36,3,36,1,148,30,9,11,0,23,41,0,0,0,0,14,49,9,0,14,0,6,0,0,0,0,8,771,362,695,554,528,231,1418,829,373,641,585,683,1422,491,788,325,604,546,710,797,684,767,0
338,reveredj,348,70,0,32,23,72,0,31,0,21,41,6,43,41,0,0,24,0,9,30,29,43,40,0,0,0,0,21,216,299,711,572,459,498,525,578,386,559,459,622,599,534,654,0,0,433,649,594,270,0,0
339,rheaanto,114,23,3,23,46,39,28,0,24,0,23,0,0,0,3,0,8,0,0,25,14,5,6,0,0,0,0,18,736,297,689,664,580,642,664,647,0,643,688,607,648,689,680,320,670,628,624,615,642,693,0
340,rhettfoe,63,13,5,38,45,44,16,12,23,7,0,0,0,0,12,0,0,0,0,0,0,0,0,0,0,0,0,0,824,294,775,732,745,750,663,724,395,818,586,438,541,531,511,325,432,474,395,478,480,412,0
341,rhodeall,100,20,1,23,43,33,15,23,28,0,0,0,0,0,0,0,5,0,9,20,14,0,5,0,0,0,0,3,784,829,476,678,720,746,766,791,849,560,635,692,761,747,742,324,599,0,759,732,677,714,0
342,rikkiali,48,10,6,19,38,52,30,20,26,0,0,0,36,0,0,0,16,0,22,0,14,0,9,0,0,0,0,12,707,298,653,639,585,530,787,541,379,506,597,617,524,511,473,305,533,683,565,502,578,516,0
343,rondabee,14,3,7,6,72,6,0,0,14,0,0,0,0,0,0,0,0,0,0,0,0,0,0,0,0,0,0,0,257,367,677,794,280,360,607,303,0,674,658,0,514,573,0,0,0,0,812,0,0,0,0
344,rosettlo,94,19,3,30,25,70,27,0,25,0,0,0,0,0,5,0,12,0,0,21,21,0,8,0,0,0,0,11,799,281,848,798,769,739,749,766,386,502,621,693,747,751,694,263,754,695,700,497,664,707,0
345,rossanlo,72,14,15,30,49,27,28,6,0,0,0,44,0,0,0,0,5,0,0,0,0,0,5,0,0,0,0,5,826,353,752,808,814,790,789,761,373,657,729,750,705,688,816,324,518,660,1424,527,578,546,0
346,runebeta,0,0,4,2,60,2,0,0,0,0,0,0,0,0,0,0,0,0,0,0,0,0,0,0,0,0,0,0,0,0,0,0,0,0,0,0,0,0,0,0,0,0,0,0,0,0,0,0,0,0,0
347,ryswellt,208,42,0,26,24,57,0,18,22,16,19,0,33,0,0,0,0,0,0,0,30,0,11,65,0,0,0,8,747,837,1387,870,821,1290,819,821,0,780,671,670,765,759,703,256,715,583,790,0,557,627,0
348,saiyanqu,200,40,3,34,39,51,30,29,7,14,0,0,36,0,2,0,5,49,0,21,21,0,9,0,0,0,0,16,832,262,765,684,830,820,800,826,392,796,706,699,758,714,727,0,682,682,764,726,682,615,0
349,sandinol,0,0,0,1,61,1,0,0,0,0,0,0,0,0,0,0,0,0,0,0,0,0,0,0,0,0,0,0,847,0,724,0,597,698,528,501,0,0,0,0,0,0,0,0,0,0,0,0,0,0,0
350,sandmang,130,26,1,35,11,70,21,27,24,0,5,0,31,0,0,0,14,0,0,0,0,0,12,0,0,0,0,27,820,867,355,795,790,671,785,976,915,825,465,769,803,813,830,865,693,724,806,830,533,925,0
351,santossi,64,13,13,37,32,47,12,4,11,0,0,41,0,0,0,0,0,0,0,0,0,0,0,0,0,0,0,0,851,845,806,673,783,744,789,822,242,746,752,778,755,827,781,281,781,0,768,743,788,727,0
352,saraicel,203,41,7,20,43,46,30,16,7,0,7,84,0,17,0,0,12,0,0,0,0,0,9,56,0,0,0,8,429,0,397,727,645,412,288,454,0,430,315,292,381,403,0,0,0,281,372,342,358,0,0
353,scourgeb,78,16,8,11,60,21,30,19,29,0,0,0,0,0,0,0,0,0,0,0,0,0,0,0,0,0,0,0,862,871,500,572,552,769,771,751,0,0,0,0,0,0,0,0,0,0,0,0,0,0,0
354,seedsrol,298,60,3,33,27,64,28,30,24,0,23,0,30,0,0,0,27,43,0,0,0,45,43,0,0,0,0,18,1299,1412,700,525,850,393,1401,1147,937,504,647,0,666,729,140,1073,360,227,1386,1170,235,546,0
355,shamanje,101,20,3,6,50,17,28,0,25,0,0,48,0,0,0,0,0,0,0,0,0,0,0,0,0,0,0,0,656,361,581,663,603,0,797,0,0,0,0,0,0,0,0,0,0,0,0,0,0,0,0
356,shanonsp,70,14,2,20,39,39,30,0,26,0,0,0,0,0,14,0,5,0,9,0,0,0,11,0,0,0,0,6,754,165,683,755,747,624,752,731,390,0,719,749,752,685,760,261,499,1123,753,758,634,682,185
357,shennade,46,9,2,11,61,16,27,0,19,0,0,0,0,0,0,0,0,0,0,0,0,0,0,0,0,0,0,0,481,0,477,605,566,568,589,626,0,529,0,0,0,0,0,0,0,0,0,0,0,0,0
358,sherledr,130,26,3,26,46,39,26,19,27,7,0,0,0,0,10,0,3,0,23,21,14,0,11,0,0,0,0,9,815,345,736,761,832,807,853,712,0,699,601,730,825,746,812,300,573,497,625,638,593,599,0
359,sherryja,143,29,8,26,45,40,23,29,17,0,5,0,0,0,10,0,2,53,9,0,21,0,5,0,0,0,0,11,810,331,599,678,740,764,752,742,395,473,580,696,613,696,692,319,524,711,709,0,600,745,0
360,sherylri,134,27,0,33,31,48,26,26,26,0,0,0,29,0,11,0,5,0,0,0,27,0,0,0,0,0,0,0,724,0,729,731,792,707,741,728,0,721,596,791,307,693,724,280,692,679,695,702,398,292,0
361,shierlem,106,21,7,17,41,28,26,7,20,0,0,60,0,0,0,0,8,0,9,0,0,0,6,0,0,0,0,20,1395,0,0,873,281,789,0,133,867,0,466,0,707,436,0,320,228,0,0,0,0,0,0
362,shonnacl,21,4,0,22,57,24,0,0,0,0,0,0,0,0,0,0,5,0,0,2,21,0,9,0,0,0,0,4,0,900,0,868,885,846,796,830,0,763,882,681,816,806,799,895,905,824,820,881,181,0,882
363,shouzouf,0,0,4,2,75,2,0,0,0,0,0,0,0,0,0,0,0,0,0,0,0,0,0,0,0,0,0,0,0,0,0,0,0,0,0,0,0,0,0,0,0,0,0,0,0,0,0,0,0,0,0
364,sideneed,68,14,1,9,64,16,26,30,12,0,0,0,0,0,0,0,0,0,0,0,0,0,11,0,0,0,0,0,727,278,619,514,436,429,601,514,389,489,0,0,383,368,305,261,0,539,356,329,292,0,0
365,sirendar,9,2,8,15,61,16,0,9,5,0,0,29,0,0,0,0,0,0,0,0,0,0,0,0,0,0,0,0,289,296,750,611,0,242,182,211,321,0,0,0,234,0,0,0,0,0,0,0,0,0,0
366,sleddtur,51,10,4,5,64,10,30,21,0,0,0,0,0,0,0,0,0,0,0,0,0,0,0,0,0,0,0,0,712,320,0,0,0,0,0,0,0,0,0,0,0,0,0,0,0,0,0,0,0,0,0
367,slowbrop,253,51,3,32,25,56,26,30,28,0,0,0,0,0,14,29,9,0,27,25,30,39,6,0,0,0,0,9,959,110,676,777,668,628,704,510,108,583,569,663,370,398,481,0,350,529,539,533,257,554,0
368,soledaco,304,61,6,41,23,72,25,30,20,14,15,0,30,29,0,0,11,55,9,21,30,45,18,0,0,0,0,16,563,303,326,292,341,299,613,353,1250,317,284,240,609,471,290,325,274,300,271,1103,746,166,1121
369,sparklea,9,2,7,18,61,19,0,9,0,0,0,0,0,0,0,0,0,0,0,0,0,0,0,0,0,0,0,0,403,367,487,507,558,570,558,571,0,661,572,0,654,0,0,0,0,0,0,0,0,0,0
370,spectrav,109,22,0,34,28,43,26,0,22,0,12,0,33,3,1,0,5,0,0,0,14,5,11,0,14,0,0,14,655,921,219,1439,102,127,77,1419,1423,0,61,162,80,170,117,318,0,123,115,78,224,139,1437
371,starfigi,71,14,6,32,42,34,0,0,23,13,0,0,0,0,0,0,5,0,0,14,21,0,8,0,0,9,0,5,648,302,365,750,536,624,549,571,329,424,599,545,645,774,819,325,565,731,695,575,665,611,0
372,stefanil,330,66,0,29,6,125,30,34,22,5,41,0,33,0,0,5,32,0,0,25,0,5,45,0,0,18,0,45,553,244,691,638,565,709,643,673,290,589,668,701,623,665,603,144,636,621,558,634,525,562,0
373,stephnia,155,31,9,42,17,58,0,34,18,0,0,0,26,0,7,22,5,0,0,26,29,0,14,0,0,0,0,0,877,922,699,790,865,866,857,886,388,863,873,837,891,806,882,307,795,867,856,883,843,760,0
374,stomachs,106,21,14,24,37,42,12,0,23,0,0,0,36,0,0,0,14,0,21,0,14,0,0,0,0,0,0,6,222,363,281,469,379,369,374,359,376,625,553,392,373,371,352,310,374,456,387,392,298,393,0
375,stotchot,439,88,1,28,16,85,25,29,25,19,31,0,30,33,10,32,43,55,0,0,30,0,40,0,0,0,0,37,1188,1420,445,424,423,767,477,334,386,513,513,545,350,584,330,241,390,427,333,609,429,597,0
376,stoutand,9,2,1,0,71,1,9,0,0,0,3,0,0,0,0,0,0,0,0,0,0,0,0,0,0,0,0,0,722,367,0,0,0,0,0,0,0,0,0,0,0,0,0,0,0,0,0,0,0,0,0
377,stumptmi,292,58,5,35,26,66,23,27,21,0,0,48,33,7,17,0,5,60,9,0,30,33,11,0,0,0,0,0,349,359,633,567,771,518,257,335,349,497,744,562,505,467,347,258,558,511,287,314,653,850,0
378,styggkat,127,25,11,30,44,41,28,19,27,0,0,34,0,0,0,0,5,0,0,0,19,0,5,0,0,0,0,0,680,224,680,0,660,714,998,578,0,632,703,652,675,633,659,0,685,379,465,553,291,547,0
379,sunnerga,59,12,1,11,56,17,30,0,2,0,3,0,29,0,0,0,5,0,0,0,0,0,0,0,0,0,0,0,807,355,730,690,763,736,788,774,0,0,0,0,0,0,0,0,0,0,0,0,0,0,0
380,susanntr,519,104,5,39,4,103,30,23,29,18,36,0,0,35,20,0,45,56,27,28,30,0,45,0,42,0,0,45,706,365,597,627,674,788,708,808,378,540,527,770,701,766,635,131,450,657,705,654,555,662,0
381,suzannni,189,38,1,29,12,99,25,30,27,0,19,0,39,14,17,0,0,0,9,0,18,0,5,0,0,0,0,5,844,837,844,735,780,826,711,767,850,755,758,792,836,742,888,855,773,739,809,801,770,684,0
382,takeruco,37,7,1,19,48,28,0,37,1,0,0,0,0,0,0,0,0,0,0,0,0,0,0,0,0,0,0,0,833,851,853,810,781,837,757,813,0,703,0,0,0,0,0,0,0,0,0,0,0,0,0
383,tamarilt,585,117,0,38,12,95,30,34,22,5,5,84,33,33,33,0,32,49,32,32,30,45,12,0,0,41,0,45,829,902,779,778,800,781,789,832,992,770,766,816,825,806,803,325,769,763,763,797,736,1317,0
384,tangletd,268,54,6,43,32,61,24,19,20,0,15,0,0,0,1,36,16,0,0,30,30,33,20,0,0,31,0,45,0,0,0,0,0,0,0,0,0,0,0,0,0,0,0,0,0,0,0,0,0,0,0
385,tanjasau,60,12,0,22,43,26,23,0,23,0,5,0,0,0,0,0,5,0,9,0,14,0,5,0,0,0,0,5,950,954,0,589,946,950,945,917,0,0,520,870,868,856,861,860,0,567,858,863,857,850,0
386,tanjasha,265,53,6,38,30,61,30,30,20,0,7,0,36,32,0,11,4,0,9,30,30,0,20,0,23,0,0,34,838,292,815,778,761,806,773,731,378,591,0,786,750,762,741,259,679,633,803,732,714,684,0
387,tarberal,296,59,0,27,37,54,30,29,28,23,41,0,33,28,4,0,45,0,0,0,0,0,0,0,0,0,0,29,568,278,445,629,649,660,676,679,342,0,0,0,0,0,0,0,0,0,0,647,596,208,0
388,tardisgr,325,65,6,40,23,72,17,16,28,0,0,0,37,0,22,21,20,56,0,30,30,43,20,0,0,0,0,0,733,336,617,755,532,741,804,715,375,692,747,768,772,820,775,321,710,793,808,903,338,514,0
389,tarynvir,31,6,8,20,44,32,21,0,10,0,0,0,0,0,0,0,0,0,0,0,0,0,0,0,0,0,0,0,804,0,768,811,723,728,675,745,0,757,0,0,732,603,646,0,557,682,753,755,684,679,0
390,tegansta,79,16,15,40,21,76,0,26,22,0,0,0,31,0,0,0,0,0,0,0,0,0,0,0,0,0,0,0,227,348,519,569,634,649,564,0,0,599,681,389,268,0,0,324,0,0,0,0,724,732,0
391,teofilam,131,26,0,21,49,35,30,6,25,11,0,0,35,7,5,0,16,0,9,30,0,0,14,0,0,0,0,20,545,325,451,515,504,545,818,774,274,659,677,753,700,220,423,311,661,0,650,477,325,0,0
392,terrieca,174,35,6,43,12,86,22,26,20,3,7,0,0,0,8,0,4,60,9,7,14,32,20,0,0,0,0,14,1070,1063,948,946,925,1073,1070,1077,1072,475,772,967,1072,1069,1065,1071,496,964,983,1068,1071,1065,1059
393,thomasba,467,93,2,43,7,87,0,19,26,0,45,44,28,0,22,7,27,49,0,26,30,44,29,0,0,36,0,37,871,364,814,840,823,793,888,823,393,791,839,802,810,856,752,322,834,760,820,909,864,889,0
394,thorenda,154,31,1,28,29,41,25,27,6,0,0,0,36,0,5,0,12,43,0,0,23,0,5,0,0,0,0,6,666,0,704,676,644,582,688,694,0,597,749,655,710,744,698,0,670,705,736,697,718,610,0
395,tiberiub,93,19,10,20,55,30,25,25,2,0,0,0,0,0,0,0,0,43,0,0,0,0,0,0,0,0,0,0,360,0,543,412,309,291,269,323,318,315,276,331,0,414,396,0,0,0,519,372,169,0,0
396,tinkered,206,41,0,32,27,52,30,16,21,0,3,0,10,23,27,0,4,0,34,21,29,0,5,0,0,0,0,5,612,0,541,368,669,623,577,635,391,0,579,546,541,532,521,321,366,346,616,737,714,705,0
397,tinklewi,26,5,6,13,61,16,26,6,0,0,0,0,0,0,0,0,2,0,0,0,0,0,0,0,0,0,0,0,402,355,660,672,870,828,809,680,375,0,632,0,721,0,0,0,0,403,0,0,0,0,0
398,titanbur,118,24,1,28,26,45,23,27,23,0,0,0,0,15,10,0,6,0,0,30,0,0,2,0,0,0,0,14,0,358,627,601,720,739,750,738,0,605,536,742,668,647,632,281,609,585,673,720,604,625,0
399,toefingp,322,64,5,41,2,138,27,38,22,5,45,44,33,0,9,11,16,0,25,16,30,0,37,0,0,0,0,0,624,363,632,656,594,546,584,683,393,659,1429,688,805,451,625,78,439,1427,118,488,240,410,0
400,toffeebe,193,39,2,31,35,55,30,26,21,5,7,72,0,0,23,0,11,0,0,0,21,0,12,0,0,0,0,18,1078,366,713,606,792,674,795,776,0,689,688,714,656,686,765,0,737,696,719,736,627,609,283
401,tomasara,294,59,5,33,7,114,28,30,25,0,0,0,0,24,0,77,0,0,0,35,30,45,0,0,0,0,0,0,702,230,738,645,625,502,0,707,0,0,493,655,505,731,638,1008,0,463,541,589,0,0,0
402,trevallh,45,9,0,9,52,14,30,0,15,0,0,0,0,0,5,0,5,0,9,0,0,0,9,0,0,0,0,8,554,323,251,514,481,546,775,772,0,0,641,654,698,479,421,309,431,0,651,390,0,0,0
403,trevalme,235,47,4,37,18,56,18,34,20,0,41,0,38,3,1,0,14,0,9,0,20,4,27,0,0,0,0,32,772,873,711,774,839,788,801,792,364,758,763,785,799,765,746,321,628,605,657,770,649,677,0
404,treywalg,510,102,8,41,2,193,27,31,19,7,45,84,31,27,27,58,24,60,0,0,30,0,37,0,0,0,0,19,387,1299,401,935,647,477,647,589,390,589,865,643,1438,661,561,263,636,573,535,876,304,338,0
405,trinidab,76,15,4,29,41,36,26,19,12,0,0,0,0,0,0,0,0,0,0,0,14,0,11,0,0,0,0,0,662,327,630,1004,534,587,304,363,331,564,364,472,562,527,637,321,499,1412,231,398,571,1412,186
406,trumanmi,449,90,0,39,21,78,30,30,20,0,7,0,41,41,30,36,32,0,0,29,27,45,12,0,35,0,0,43,765,293,545,368,701,678,648,548,395,678,743,703,707,728,665,265,649,576,688,659,596,497,0
407,ululatco,117,23,10,32,8,97,30,27,23,11,0,29,0,0,10,0,5,0,9,0,21,0,8,0,0,0,0,11,610,346,725,649,664,673,650,688,386,687,672,662,671,686,702,324,663,667,693,521,616,499,0
408,uraileva,158,32,1,31,26,45,20,20,23,7,0,0,0,18,0,0,14,0,27,12,21,0,5,0,17,9,0,11,746,369,829,761,792,801,803,791,389,592,726,716,763,554,690,325,677,664,576,616,553,506,0
409,uranusse,349,70,1,35,17,72,28,20,19,0,41,0,30,0,2,0,32,55,31,29,30,29,14,0,0,0,0,20,549,362,606,509,570,576,609,512,395,525,545,580,680,521,588,260,581,574,568,570,589,1272,0
410,utherzen,406,81,3,43,11,87,25,33,22,0,41,0,10,21,32,0,40,0,27,0,21,33,45,0,0,27,0,34,532,343,796,733,793,645,734,846,286,680,616,606,566,655,742,323,845,802,533,731,612,900,0
411,uzumaktw,34,7,6,23,46,30,24,0,5,0,0,0,0,0,0,0,0,0,9,10,0,0,5,0,0,0,0,3,834,338,821,764,855,571,493,660,386,431,687,0,583,717,571,0,430,518,557,567,0,0,0
412,valariez,160,32,0,23,32,38,23,33,2,0,0,0,33,29,0,0,14,0,9,21,21,0,11,0,0,0,0,6,720,328,777,368,515,766,604,423,393,628,794,572,505,862,320,274,636,503,375,988,393,259,0
413,valencil,199,40,2,17,44,41,0,31,21,0,7,0,30,0,10,0,20,52,0,16,0,0,5,0,0,0,0,29,764,0,631,617,697,828,794,748,0,701,462,718,0,0,0,0,329,0,764,599,554,0,0
414,valmerar,80,16,0,14,53,22,27,30,23,0,7,0,0,0,0,0,6,0,0,0,0,0,2,0,0,0,0,16,738,249,783,645,676,723,794,698,0,614,597,739,698,740,667,0,0,0,727,683,746,699,0
415,vanishej,249,50,5,33,32,59,26,26,28,5,23,0,0,23,0,0,0,56,27,21,14,0,11,0,0,0,0,0,972,816,820,639,808,783,740,1297,286,669,546,599,876,467,600,268,545,559,597,600,423,527,0
416,venettco,109,22,3,31,19,79,25,11,24,13,0,0,0,0,0,0,0,0,31,0,0,5,5,0,0,0,0,20,901,888,326,763,397,796,848,844,0,299,306,874,857,643,773,285,791,706,818,74,820,620,0
417,verdabul,224,45,10,23,43,46,23,31,29,5,45,0,0,0,0,0,5,46,9,0,0,45,14,0,0,0,0,6,658,358,488,420,0,222,363,472,395,669,0,562,633,0,0,1374,0,431,155,160,0,0,0
418,vergiene,103,21,3,28,39,39,25,16,6,0,0,0,0,0,0,0,0,44,0,0,18,0,0,0,0,0,0,4,693,0,511,682,501,490,593,587,393,589,480,429,564,547,524,0,564,518,496,547,514,601,0
419,vicentle,201,40,7,36,9,81,28,19,22,3,31,0,30,14,11,0,29,0,0,0,23,0,11,0,0,0,0,20,704,364,424,148,714,486,461,692,376,467,117,690,655,537,334,297,0,0,734,360,468,356,0
420,victarlu,550,110,2,43,17,84,26,20,17,32,41,0,27,32,9,50,14,0,31,31,30,45,37,0,42,36,0,43,750,813,734,698,760,831,717,758,396,691,267,690,728,715,742,301,766,774,690,662,763,747,0
421,vonnieta,53,11,3,10,65,15,17,16,20,7,0,0,0,0,0,0,0,0,0,0,0,0,0,0,0,0,0,0,479,296,543,447,457,0,0,0,0,0,0,0,0,0,0,0,0,0,0,0,0,0,0
422,vymanmic,107,21,15,52,33,57,30,0,24,0,0,0,33,0,0,0,6,0,0,0,20,0,5,0,0,0,0,9,845,293,753,747,567,791,765,852,321,770,715,587,757,782,838,260,733,689,673,779,310,824,0
423,warbirdj,150,30,5,33,41,49,30,16,29,0,0,0,0,0,20,0,0,55,0,3,0,0,6,0,0,0,0,0,751,806,790,705,862,845,815,841,393,763,756,802,822,801,869,0,787,675,861,863,866,0,0
424,watchsan,173,35,1,39,31,62,28,26,21,3,0,0,33,0,11,0,5,43,0,0,22,0,6,0,0,0,0,18,861,352,659,792,616,734,777,695,373,626,720,796,733,741,760,295,698,683,700,672,687,563,0
425,wavasmil,84,17,0,24,38,32,27,9,21,0,0,0,0,0,9,0,2,0,0,27,0,0,0,0,0,0,0,8,711,0,713,726,739,731,608,657,0,551,0,0,0,655,594,284,482,605,537,576,326,632,0
426,weezinda,0,0,0,31,36,43,0,0,1,0,7,0,0,0,0,0,5,0,0,0,0,0,5,0,0,0,0,6,701,366,497,1376,723,670,434,1326,344,140,0,360,717,646,1378,260,249,436,222,713,1351,709,0
427,wendellb,40,8,0,12,64,16,0,17,23,0,0,0,0,0,0,0,0,0,0,0,0,0,0,0,0,0,0,0,535,367,667,576,535,0,822,0,0,0,0,0,0,0,0,0,0,0,0,0,0,0,0
428,westonme,64,13,3,15,46,22,29,20,15,0,0,0,0,0,0,0,5,0,9,0,0,0,18,0,0,0,0,11,690,366,645,382,737,679,727,692,332,459,639,624,598,684,520,318,699,0,486,617,541,586,0
429,whirlpon,201,40,8,41,4,133,30,16,27,0,0,0,34,0,19,9,16,60,0,0,15,0,20,0,0,0,0,0,683,353,478,771,520,796,621,768,316,596,518,692,707,610,628,148,667,453,1129,1277,786,1190,0
430,whitings,30,6,1,5,63,8,30,0,7,5,0,0,0,0,0,0,0,0,0,0,0,0,0,0,0,0,0,0,319,366,640,556,298,0,0,0,0,0,0,0,0,0,0,0,0,0,0,0,0,0,0
431,wholegal,194,39,11,28,39,48,28,29,17,7,12,0,33,0,0,0,12,60,27,0,0,0,20,0,0,0,0,0,254,130,828,740,326,322,322,0,311,789,574,290,226,302,52,0,725,596,276,285,0,0,0
432,winkybru,64,13,0,10,61,16,11,0,13,0,0,40,0,0,0,0,0,0,0,0,0,0,0,0,0,0,0,0,832,0,800,659,769,720,0,769,0,765,0,0,0,0,0,0,0,0,0,0,0,0,0
433,zekkoelo,224,45,2,34,23,72,30,38,26,14,7,0,0,0,16,4,20,0,0,16,23,0,11,0,41,0,0,11,659,296,499,584,670,565,647,564,394,472,557,649,623,599,639,325,533,590,672,1399,573,611,0
434,zitatola,126,25,0,38,25,46,0,23,1,0,0,0,0,0,20,0,6,43,21,6,14,6,5,0,0,0,0,5,738,352,707,617,733,732,674,690,0,697,0,731,709,706,674,325,0,0,626,565,306,568,0
435,zoraidba,198,40,2,37,39,51,23,30,14,0,12,0,35,5,6,0,11,55,0,20,21,7,11,0,0,0,0,18,657,252,469,624,577,594,465,580,324,663,598,555,662,637,683,324,573,547,651,623,600,563,0
436,zubergda,102,20,8,22,36,34,22,16,27,0,0,29,0,0,6,0,0,37,0,0,0,0,0,0,0,0,0,0,693,357,515,759,633,632,607,584,0,735,471,621,634,602,497,0,549,633,620,506,232,604,0
437,,151,30,4,25,38,48,20,15,16,3,7,10,12,5,5,4,8,17,6,6,11,6,9,1,2,1,0,10,669,352,574,544,573,583,582,560,251,464,453,492,522,500,469,220,407,405,432,472,404,420,43
